dataset,model,condition,target,preprocessing_policy,padding_policy,padding_required,pretraining_overlap,source_fidelity,contract_version,demographic_fields,n_subjects,n_measurements,n_seeds,aggregation_mode,bootstrap_mode,mae,mae_seed_sd,rmse,rmse_seed_sd,bias,bias_seed_sd,error_std,error_std_seed_sd,r2,r2_seed_sd,pearson,pearson_seed_sd,calibration_slope,calibration_slope_seed_sd,calibration_intercept,calibration_intercept_seed_sd,mae_ci_low,mae_ci_high,rmse_ci_low,rmse_ci_high,bias_ci_low,bias_ci_high,error_std_ci_low,error_std_ci_high,r2_ci_low,r2_ci_high,pearson_ci_low,pearson_ci_high,calibration_slope_ci_low,calibration_slope_ci_high,calibration_intercept_ci_low,calibration_intercept_ci_high
BUT PPG,anyppg,finetuned,dbp,source_consistent_filter_resample_zscore_adaptation,none,False,none,source_consistent_adaptation,source-faithful-v3,none,38.0,66.0,3,mean_of_3_seed_specific_metrics,participant_resample_within_seed_then_mean_seed_metrics,6.68399105834492,0.16061458184834213,8.162063083958298,0.21307182585618903,0.4961967213821756,1.3191570467045355,8.074926252420576,0.2411788057926038,-0.07500459115339615,0.05652312070279267,-0.06051542641754706,0.10322711493103284,-0.2935474049520738,0.5456916995624009,98.00976867011032,41.467312620471375,5.464737610319941,8.027590755732376,6.700351273397809,9.608977310827962,-1.921984374185967,2.868825352729938,6.499529974654886,9.449937629398978,-0.23794777547152882,-0.023511021619752614,-0.251203432907465,0.13420703126101952,-1.596771430420868,1.3807022511838003,-31.90610764655373,198.56154119214298
BUT PPG,anyppg,finetuned,sbp,source_consistent_filter_resample_zscore_adaptation,none,False,none,source_consistent_adaptation,source-faithful-v3,none,38.0,66.0,3,mean_of_3_seed_specific_metrics,participant_resample_within_seed_then_mean_seed_metrics,12.692101208295092,0.43598092050908044,15.262907539952051,0.4422066951602532,1.094095798204598,0.3297840959260958,15.221659586937749,0.4211410412347286,-0.09396591379776686,0.06386008357467464,-0.16296701427506285,0.061826998933364,-1.0198223027465305,0.3809621529439657,246.55031529595735,46.74510996220016,10.495540943966526,15.200182165107993,12.863862950670946,17.672455810520916,-3.612826256053114,5.666134012903119,12.59551569968615,17.454462891002045,-0.30612198991144274,-0.03026671059294862,-0.36324851307062833,0.027777959637658788,-2.276817943972968,0.28336319134366794,88.350249258821,400.4729737358108
BUT PPG,anyppg,finetuned_demographics,dbp,source_consistent_filter_resample_zscore_adaptation,none,False,none,source_consistent_adaptation,source-faithful-v3,age/sex/BMI,38.0,66.0,3,mean_of_3_seed_specific_metrics,participant_resample_within_seed_then_mean_seed_metrics,6.493553477632429,0.1556029416762039,7.845381013907492,0.23105072850995537,-0.043080721986372146,0.16770420073024553,7.844102420131418,0.2292739215326548,0.006672890659080388,0.05868689534718796,0.07760118770928116,0.2230965966406504,0.44848082875436973,1.6215063996679817,41.74839141225413,123.04720198632306,5.317202433909634,7.796574717874159,6.415863656272255,9.253341971957731,-2.316489454369891,2.204010853313452,6.3435426533692905,9.172161640583646,-0.11745071057588868,0.04207801801110834,-0.09739358371412092,0.24278883684680785,-0.7813969133126173,1.9428381982104541,-73.28830499537597,134.73570574413327
BUT PPG,anyppg,finetuned_demographics,sbp,source_consistent_filter_resample_zscore_adaptation,none,False,none,source_consistent_adaptation,source-faithful-v3,age/sex/BMI,38.0,66.0,3,mean_of_3_seed_specific_metrics,participant_resample_within_seed_then_mean_seed_metrics,12.32126739860305,0.6076911236531403,14.827382079435262,0.8091281203568217,-0.06375564886439089,1.6015695225994915,14.768029344688488,0.8475960778907915,-0.033895299430666416,0.11331623565470819,0.10741955814834891,0.19216623934166488,0.7189106207698508,1.042708371920361,33.63560718850798,128.17245223265422,10.201466663444599,14.50316547950576,12.47056830898188,17.054006711045584,-4.229913269600725,4.346580899073638,12.19738722964757,16.814893391925875,-0.20858861573778692,0.038569004083563126,-0.08373146593103732,0.29765268674489537,-0.33156392479863067,1.8057697888900637,-98.73378623525375,162.20100935721
BUT PPG,anyppg,frozen,dbp,source_consistent_filter_resample_zscore_adaptation,none,False,none,source_consistent_adaptation,source-faithful-v3,none,38.0,66.0,1,single_deterministic_fit,participant_resample_within_seed,7.214152010236503,0.0,8.728307918837166,0.0,-0.851532513547523,0.0,8.686670910331934,0.0,-0.22877758193612419,0.0,-0.20889022713662678,0.0,-0.6923437713371188,0.0,127.98403802737171,0.0,5.828054791080495,8.615276437057751,7.101976737570665,10.204590895320846,-3.29650325977134,1.6073138801034001,7.0529922762218815,10.007745103945304,-0.48963926911520045,-0.10644551158800042,-0.4733972586282052,0.0023904505913974884,-1.9418995942674864,0.006509928702722103,74.83862573003591,222.53160178542433
BUT PPG,anyppg,frozen,sbp,source_consistent_filter_resample_zscore_adaptation,none,False,none,source_consistent_adaptation,source-faithful-v3,none,38.0,66.0,1,single_deterministic_fit,participant_resample_within_seed,13.993995060549077,0.0,16.51387053450798,0.0,-0.4742255369542992,0.0,16.50706000990459,0.0,-0.2799235424144577,0.0,-0.20147051916413994,0.0,-0.5538921501030926,0.0,188.53522643522828,0.0,11.57501781905673,16.362043406576944,14.138207232677054,18.566943938220636,-5.232685186399325,4.400002501572417,13.94804502092256,18.45737595015103,-0.5860813248180451,-0.12732633010807656,-0.39278316948057973,-0.017570219862793758,-1.1809612569321934,-0.049281261664542705,127.44585218744949,265.4914930507576
BUT PPG,anyppg,frozen_demographics,dbp,source_consistent_filter_resample_zscore_adaptation,none,False,none,source_consistent_adaptation,source-faithful-v3,age/sex/BMI,38.0,66.0,1,single_deterministic_fit,participant_resample_within_seed,7.050586948635841,0.0,9.167623948822232,0.0,-0.4375116494034796,0.0,9.157178191105336,0.0,-0.35558496189948685,0.0,0.03644330145757677,0.0,0.05772960488815589,0.0,71.61301081380917,0.0,5.500938902538136,8.983502133079867,6.873172902427342,11.692649218680554,-3.173115228976295,2.3697976738024207,6.732236350252756,11.571590912402064,-1.2999570901888815,0.09943028558902631,-0.1982087033976008,0.36422268743936825,-0.23949810301182095,0.9182583598760264,7.340095419748309,94.97054383295321
BUT PPG,anyppg,frozen_demographics,sbp,source_consistent_filter_resample_zscore_adaptation,none,False,none,source_consistent_adaptation,source-faithful-v3,age/sex/BMI,38.0,66.0,1,single_deterministic_fit,participant_resample_within_seed,12.51169294333256,0.0,15.644034367573846,0.0,-0.7371625944348393,0.0,15.62665679546325,0.0,-0.1486396380121784,0.0,0.41477248361433194,0.0,0.42375673296601657,0.0,70.32593455731147,0.0,10.330980845643078,14.843092109746465,12.782861090004003,18.431055088354526,-5.035583963454022,3.8583563778174774,12.429899630293265,18.311892958708228,-1.003836764011492,0.2718880679158374,0.17742042224353366,0.6112461433697828,0.1681059227776935,0.742481541567647,32.43229914036935,101.85388774836147
BUT PPG,demographics,demographics,dbp,none,none,False,not_applicable,not_applicable,source-faithful-v3,age/sex/BMI,38.0,66.0,1,single_deterministic_fit,participant_resample_within_seed,6.353723344380746,0.0,7.8807719742334745,0.0,-0.1868749935581662,0.0,7.878556000095856,0.0,-0.0017300101404413848,0.0,0.16220555568664516,0.0,0.49457649360363815,0.0,38.491309846590305,0.0,5.021086814241208,7.766708732685106,6.384469080035627,9.352402437661812,-2.512716037250839,2.091644214279985,6.27967122750816,9.245662181516154,-0.21476261789228904,0.12247430135568063,-0.05367621179940792,0.37468490717169306,-0.16886253358206166,1.2207651309694199,-17.05942877687057,88.9849856913894
BUT PPG,demographics,demographics,sbp,none,none,False,not_applicable,not_applicable,source-faithful-v3,age/sex/BMI,38.0,66.0,1,single_deterministic_fit,participant_resample_within_seed,8.3810729419942,0.0,10.598641502724389,0.0,-0.18664363154222663,0.0,10.596997964427315,0.0,0.4727863070803022,0.0,0.6881868573292189,0.0,0.964241036003,0.0,4.524683574277159,0.0,6.72390354907638,10.103972405142699,8.776555039217817,12.383767143414806,-3.207247609328232,2.7438597580463755,8.637996862323881,12.276624560909676,0.18511610930420794,0.6298237476199636,0.5165246834307726,0.8109675594468728,0.653740620138515,1.2673970244448485,-32.931313491443724,42.57446415506677
BUT PPG,handcrafted_ppg,ppg_features,dbp,handcrafted_morphology_and_statistics_v1,none,False,not_applicable,not_applicable,source-faithful-v3,none,38.0,66.0,1,single_deterministic_fit,participant_resample_within_seed,6.599834417072999,0.0,8.03767173399658,0.0,0.12393167130070348,0.0,8.036716235150784,0.0,-0.04201433096871465,0.0,-0.1488423928673007,0.0,-1.4314113774908217,0.0,184.90067738369976,0.0,5.33765835258946,8.004197867388859,6.4945566566277035,9.568996928615501,-2.10270888643863,2.4119659909578255,6.4172262005209495,9.484704757663122,-0.17754434540495243,-0.004311917579766287,-0.3816544085060654,0.08187579780221192,-4.046917408949874,0.7397748108335426,19.962747742587144,384.1968042306871
BUT PPG,handcrafted_ppg,ppg_features,sbp,handcrafted_morphology_and_statistics_v1,none,False,not_applicable,not_applicable,source-faithful-v3,none,38.0,66.0,1,single_deterministic_fit,participant_resample_within_seed,12.13233159976643,0.0,14.466611799011808,0.0,0.6549525361774918,0.0,14.45177823379055,0.0,0.01775476269428866,0.0,0.16943135888750588,0.0,0.6418406444265302,0.0,43.09598654428762,0.0,10.141580967971025,14.33163370624239,12.235785744548929,16.714045251226935,-3.5644641345687824,4.866631841147891,12.011820470573065,16.554372217478207,-0.1733505825730945,0.11462364743827663,-0.04531863753034139,0.3931325961553886,-0.16362831419940524,1.726880778139825,-90.93735181247177,141.53239805538058
BUT PPG,handcrafted_ppg,ppg_features_demographics,dbp,handcrafted_morphology_and_statistics_v1,none,False,not_applicable,not_applicable,source-faithful-v3,age/sex/BMI,38.0,66.0,1,single_deterministic_fit,participant_resample_within_seed,6.717262385778749,0.0,8.238517051826946,0.0,0.4816722075356569,0.0,8.224424301902904,0.0,-0.0947406668370816,0.0,0.08753931092077966,0.0,0.2179525496425199,0.0,59.31004434538208,0.0,5.43914653855142,8.101010223772303,6.726757891740893,9.641922094239096,-1.9437457054362968,2.7280320135822245,6.6253096967254645,9.548073945434517,-0.3253197046140309,0.013742910550632025,-0.08988362535055561,0.25571107593778675,-0.2630359711375352,0.6639622375066881,23.7222082544914,96.91451792466364
BUT PPG,handcrafted_ppg,ppg_features_demographics,sbp,handcrafted_morphology_and_statistics_v1,none,False,not_applicable,not_applicable,source-faithful-v3,age/sex/BMI,38.0,66.0,1,single_deterministic_fit,participant_resample_within_seed,8.933646808854972,0.0,11.215306562195428,0.0,0.6507823342486133,0.0,11.196409408263605,0.0,0.4096513494975723,0.0,0.6484168616512325,0.0,0.8735785278282144,0.0,14.791699395382416,0.0,7.230541984647667,10.78661473955336,9.251256534231857,13.150161182663163,-2.3816892104006433,3.6909904964670357,9.186135145946949,13.03789991502317,0.08008624396066466,0.5970075064920347,0.44901817328573124,0.7826440290408254,0.5783656520623169,1.16056441986815,-20.391892915307544,50.76964502217633
BUT PPG,papagei_p,finetuned,dbp,official_ppgbp_notebook_equivalent,none,False,none,source_consistent_adaptation,source-faithful-v3,none,38.0,66.0,3,mean_of_3_seed_specific_metrics,participant_resample_within_seed_then_mean_seed_metrics,6.626632446239178,0.013891604021823937,8.07770055138535,0.01159219268323959,-0.1607899006146997,0.10606006909568468,8.075634130404348,0.013226375712227236,-0.052420396883788044,0.003021845145850821,-0.33377777556182814,0.004731861179620321,-4.755029508966007,0.17762036408086457,436.45373781216864,12.96942046365826,5.418914831722721,7.950614880144578,6.54435992129801,9.524951630212016,-2.572085632081789,2.2506713177377744,6.443044787034297,9.428111314904541,-0.17859692929600499,-0.027446912730523295,-0.5358626808068843,-0.11152014394360893,-8.006862942969656,-1.6018055184201625,196.90218625655717,682.7460362315961
BUT PPG,papagei_p,finetuned,sbp,official_ppgbp_notebook_equivalent,none,False,none,source_consistent_adaptation,source-faithful-v3,none,38.0,66.0,3,mean_of_3_seed_specific_metrics,participant_resample_within_seed_then_mean_seed_metrics,12.253690376817381,0.03894980996931879,14.683238184289158,0.05238405647921826,0.2286341624399476,0.18909735978271294,14.680651106915475,0.05025821253619746,-0.011890803784393297,0.007221543306239423,-0.062175174124350994,0.05094142744459292,-0.9924850479922176,0.7888607680911417,242.40049886518804,96.17385776291404,10.074967960303521,14.569233760377724,12.136549162880588,17.068682632004133,-4.21747971288755,4.575309544110656,11.92839883622997,16.82881809106804,-0.15099339326300124,0.010092774390786968,-0.3159120105202538,0.1881485674135672,-5.659450069554334,3.246658754367509,-272.2596677220937,807.2925564975603
BUT PPG,papagei_p,finetuned_demographics,dbp,official_ppgbp_notebook_equivalent,none,False,none,source_consistent_adaptation,source-faithful-v3,age/sex/BMI,38.0,66.0,3,mean_of_3_seed_specific_metrics,participant_resample_within_seed_then_mean_seed_metrics,6.498622616061364,0.054450009286351866,7.995347544800534,0.047599633287643876,0.13246027405629304,0.08814344132674704,7.993932163646015,0.046089698372812696,-0.031093659666477702,0.012274357696150234,-0.11029572152464218,0.05926774743671833,-1.1379522367458614,0.6004891980783281,162.61045423549612,45.792467049697954,5.256394062149842,7.827846141378843,6.4661499422073145,9.479484061601433,-2.1641914192663276,2.533077826958461,6.399014961437353,9.32667873225414,-0.16485923164395028,0.003915989826345071,-0.3441974598875323,0.1362115895158281,-3.8373689916038933,1.2872759074151092,-22.84572022521294,367.8958836456401
BUT PPG,papagei_p,finetuned_demographics,sbp,official_ppgbp_notebook_equivalent,none,False,none,source_consistent_adaptation,source-faithful-v3,age/sex/BMI,38.0,66.0,3,mean_of_3_seed_specific_metrics,participant_resample_within_seed_then_mean_seed_metrics,11.569474915361537,0.09390366430539211,13.77825542224417,0.12073117288224487,0.7854547381632981,0.1377367308389318,13.75541926758892,0.1155022540692112,0.1089604751018951,0.015618499743144987,0.48233667441335,0.039471533504293305,3.584228019954194,0.1409356283404441,-316.796573532426,17.148632671061957,9.631496970450595,13.808021618951985,11.494371540564545,16.051803538938163,-3.224178739720496,4.82166454112854,11.208604438834646,15.938602527823877,-0.029147216550689185,0.16828582834200598,0.23484759082393228,0.6521984458885777,1.8904192333850618,5.017132815202884,-491.1971852330005,-110.23341991517395
BUT PPG,papagei_p,frozen,dbp,official_ppgbp_notebook_equivalent,none,False,none,source_consistent_adaptation,source-faithful-v3,none,38.0,66.0,1,single_deterministic_fit,participant_resample_within_seed,7.253513993319491,0.0,8.811509498920813,0.0,-0.9312226247237586,0.0,8.762164348651211,0.0,-0.25231559522804914,0.0,-0.314810131815995,0.0,-1.1831378041396567,0.0,164.7592574283873,0.0,5.8810130757591335,8.714425978981424,7.2509524944467,10.240090694100788,-3.531099344721149,1.7893305377914235,7.123339138634899,10.062245926589505,-0.5818372935164653,-0.09421413325501217,-0.4815797062373003,-0.11129036383560359,-2.069628772912467,-0.5394045489677515,116.67192385667153,231.3015998075171
BUT PPG,papagei_p,frozen,sbp,official_ppgbp_notebook_equivalent,none,False,none,source_consistent_adaptation,source-faithful-v3,none,38.0,66.0,1,single_deterministic_fit,participant_resample_within_seed,12.730741768770988,0.0,15.331422280168608,0.0,0.14065127236962185,0.0,15.330777095517085,0.0,-0.10319216291586697,0.0,-0.12338091348289643,0.0,-0.5592995743285667,0.0,189.533564477686,0.0,10.449031311359658,15.104242980675895,12.846618530879324,17.72289216074299,-4.459840358059382,4.6779734115364064,12.670760173533242,17.59142852455977,-0.29019181604483774,-0.01938202870555583,-0.3427011677744657,0.10857163193871927,-1.8020678707627589,0.4894525321415948,61.584087689923415,340.77333615000833
BUT PPG,papagei_p,frozen_demographics,dbp,official_ppgbp_notebook_equivalent,none,False,none,source_consistent_adaptation,source-faithful-v3,age/sex/BMI,38.0,66.0,1,single_deterministic_fit,participant_resample_within_seed,6.957185671012907,0.0,8.293972625045654,0.0,-2.003412539440412,0.0,8.04837375510231,0.0,-0.10952823026382741,0.0,0.26530916953949335,0.0,0.43875169067111414,0.0,43.51910245543572,0.0,5.7166017350938185,8.29123434823603,6.920641611091088,9.653649858801593,-4.380467137499419,0.3002262566286868,6.743136511985647,9.092467034493206,-0.5339638580047413,0.11547840254949304,-0.09966379202103723,0.482102751786731,-0.2155111345161872,0.8046348672577273,16.171676309925417,92.8808163212045
BUT PPG,papagei_p,frozen_demographics,sbp,official_ppgbp_notebook_equivalent,none,False,none,source_consistent_adaptation,source-faithful-v3,age/sex/BMI,38.0,66.0,1,single_deterministic_fit,participant_resample_within_seed,9.195059212708184,0.0,11.46750164998274,0.0,-1.0625190669721523,0.0,11.418171803081151,0.0,0.38280286846050016,0.0,0.6300321227414148,0.0,0.8701521749740619,0.0,16.70106401772869,0.0,7.536872042636152,11.042430716395295,9.35356839469411,13.655468364982701,-4.1390776805726475,2.0167085447386253,9.252957153316373,13.413864281795183,-0.01027240447510546,0.5852533478519304,0.4237337686787935,0.7800292053664201,0.5251926247449468,1.2207364357162935,-26.156060775623004,59.09717371178277
BUT PPG,papagei_s,finetuned,dbp,official_ppgbp_notebook_equivalent,none,False,none,source_consistent_adaptation,source-faithful-v3,none,38.0,66.0,3,mean_of_3_seed_specific_metrics,participant_resample_within_seed_then_mean_seed_metrics,6.619789479817964,0.02014537466121587,8.073647520381227,0.025185158525279812,0.0017739508907514874,0.16607588963071074,8.072508278857542,0.02529678719073842,-0.05136992323138615,0.006557644747531276,-0.27871706270937796,0.033179801085795,-3.479275308496506,0.3391291108461189,340.2756727508243,25.185875032423173,5.393616067867877,7.966412431494617,6.544806770761968,9.550285307295214,-2.3052959550700614,2.5245127068354614,6.441225817512885,9.455784219299485,-0.18808783994357134,-0.021505757189597224,-0.48649346651945313,-0.05388791479262708,-6.552291485170983,-0.6894896230523712,127.98904815898639,572.5103932762489
BUT PPG,papagei_s,finetuned,sbp,official_ppgbp_notebook_equivalent,none,False,none,source_consistent_adaptation,source-faithful-v3,none,38.0,66.0,3,mean_of_3_seed_specific_metrics,participant_resample_within_seed_then_mean_seed_metrics,12.248875007081429,0.06414259279312991,14.799106778602388,0.081780866426339,0.23950765479468208,0.2586891739549764,14.795649544150043,0.08483020149605452,-0.02793611647167708,0.011342563164394245,-0.20088411414735285,0.10108380342478364,-3.3784940592996513,1.723325767298608,532.5841514892481,209.36060399850916,10.038642238774598,14.68044384630291,12.240188528488762,17.222925717757267,-4.207874852761291,4.434214096996071,12.053324971129758,17.13105267870789,-0.16149439806544005,-0.005226920261808628,-0.4447763720550073,0.0541206558564808,-7.911923197260958,0.8651752670943951,18.742141630668215,1082.6650983429197
BUT PPG,papagei_s,finetuned_demographics,dbp,official_ppgbp_notebook_equivalent,none,False,none,source_consistent_adaptation,source-faithful-v3,age/sex/BMI,38.0,66.0,3,mean_of_3_seed_specific_metrics,participant_resample_within_seed_then_mean_seed_metrics,6.552655918355936,0.028557948515313424,8.043708041573003,0.028574301028166736,-0.09283632327100254,0.30279899541767213,8.039368735163853,0.029757047565420813,-0.04358880793736112,0.007410230269195412,-0.16590442445771744,0.028655525692989,-1.6815469410315071,0.22872957525376997,203.57189146804603,17.336115502297503,5.313308673532925,7.976759468723573,6.558083815048675,9.583734491579909,-2.5026765220489384,2.1679667776475897,6.454400855110898,9.474182803141067,-0.1879205270887488,-0.009721658498252976,-0.37824494206709197,0.0635001904143125,-4.220290457265768,0.7166059146801781,21.61859377681866,396.42809021277196
BUT PPG,papagei_s,finetuned_demographics,sbp,official_ppgbp_notebook_equivalent,none,False,none,source_consistent_adaptation,source-faithful-v3,age/sex/BMI,38.0,66.0,3,mean_of_3_seed_specific_metrics,participant_resample_within_seed_then_mean_seed_metrics,11.627732758084093,0.06138057412944284,13.97562243134835,0.059005948012606266,0.42990039010850295,0.2849209144606796,13.967072061171342,0.05882880894486016,0.08328622834905237,0.007737927203590868,0.40566751704429516,0.04635088925056693,3.309437872780389,0.5547755199610513,-282.01397600327795,67.51038541114258,9.541426392117534,13.905750138114165,11.598887470238502,16.29819405427974,-3.94092830708221,4.559693877911317,11.443183180581588,16.086151943799468,-0.06917702475360298,0.13765074323424342,0.10383035137247718,0.6353946547617253,0.8466191832810728,5.523614817039511,-552.5079582322517,15.682603352072169
BUT PPG,papagei_s,frozen,dbp,official_ppgbp_notebook_equivalent,none,False,none,source_consistent_adaptation,source-faithful-v3,none,38.0,66.0,1,single_deterministic_fit,participant_resample_within_seed,6.560368012827912,0.0,7.981870881799633,0.0,-0.24824972798916406,0.0,7.978009453884733,0.0,-0.027596361379839784,0.0,0.0058344522208769595,0.0,0.034515003048512904,0.0,73.36002060851158,0.0,5.4155570174803325,7.865256480758003,6.537973057489391,9.413091332426257,-2.5390051709471786,2.073816479510082,6.461925725474004,9.304700573187578,-0.20104767007756105,0.05785503325787576,-0.32597389185818454,0.29339497382379304,-2.0957754652732565,1.6912133002822138,-51.32026963992421,235.3407085123374
BUT PPG,papagei_s,frozen,sbp,official_ppgbp_notebook_equivalent,none,False,none,source_consistent_adaptation,source-faithful-v3,none,38.0,66.0,1,single_deterministic_fit,participant_resample_within_seed,12.042912041150402,0.0,14.671128832527959,0.0,0.5495496035147882,0.0,14.660832733985814,0.0,-0.010213895681351337,0.0,0.09055890638110287,0.0,0.40989320169687987,0.0,71.47271934735318,0.0,9.774737560890713,14.438869127164017,12.116837704209253,17.11003326448707,-3.8845397715798557,4.820473191124678,11.911876422068168,16.9118241485173,-0.19802422753889184,0.09395815666114157,-0.15918557097310979,0.38339852413722836,-0.6912361738795831,2.0780274003982298,-131.17362365573248,208.12301988064667
BUT PPG,papagei_s,frozen_demographics,dbp,official_ppgbp_notebook_equivalent,none,False,none,source_consistent_adaptation,source-faithful-v3,age/sex/BMI,38.0,66.0,1,single_deterministic_fit,participant_resample_within_seed,6.296294559689578,0.0,7.698964204657644,0.0,-0.04797789574120841,0.0,7.698814710468096,0.0,0.043956259600768655,0.0,0.2100411732219711,0.0,1.0559618884971327,0.0,-4.200968015112862,0.0,5.126098342611441,7.561848574181595,6.331023837494009,9.0522849614026,-2.1945168022661803,2.2055400352236685,6.237438540022744,8.957448191500431,-0.13658226058224673,0.12210450825246451,-0.06047567340802674,0.44401834671970936,-0.27882007852320706,2.551197049792221,-118.99257706469551,97.80175059850704
BUT PPG,papagei_s,frozen_demographics,sbp,official_ppgbp_notebook_equivalent,none,False,none,source_consistent_adaptation,source-faithful-v3,age/sex/BMI,38.0,66.0,1,single_deterministic_fit,participant_resample_within_seed,8.119339778038187,0.0,10.501462004810133,0.0,-0.3290667779159035,0.0,10.49630503054017,0.0,0.48241008323820256,0.0,0.6949247687376313,0.0,0.9979052637362718,0.0,0.5828879258459841,0.0,6.457011133466455,9.76096433079448,8.674284089100134,12.166990661213092,-3.210993217510743,2.51184726847997,8.563953130280577,11.9999207632025,0.21354456764581758,0.6318035781161836,0.5264068988412046,0.8086022518472209,0.7000805709040487,1.2535877048172894,-30.14456554765219,37.377552770573025
BUT PPG,pulseppg,finetuned,dbp,official_ppgbp_script_equivalent,none,False,none,source_consistent_adaptation,source-faithful-v3,none,38.0,66.0,3,mean_of_3_seed_specific_metrics,participant_resample_within_seed_then_mean_seed_metrics,6.606291361652102,0.006935959945666282,8.032856349088963,0.018199599927915245,-0.20714877000980236,0.00598433875597358,8.030183534130535,0.01816022216024292,-0.04076972091470318,0.004715717080182356,-0.18643759475123234,0.03449553917995142,-2.144088900538568,0.4534349570171446,238.42303124755745,34.350785312860275,5.338106543626263,8.018371896452129,6.5359875913148775,9.521443454035271,-2.5995161693187074,2.110849109075551,6.458427398340781,9.428001185140658,-0.18967800338809618,0.01157760524782386,-0.5235196646413476,0.18451702708902537,-5.949179621918471,2.3808799781300563,-105.54641590869615,527.3925352249634
BUT PPG,pulseppg,finetuned,sbp,official_ppgbp_script_equivalent,none,False,none,source_consistent_adaptation,source-faithful-v3,none,38.0,66.0,3,mean_of_3_seed_specific_metrics,participant_resample_within_seed_then_mean_seed_metrics,12.220341690216179,0.010290597838218845,14.821803705610536,0.007378565967430131,0.021657093733277562,0.08886317949599143,14.821610209031183,0.007621206688176672,-0.03107074075950685,0.0010266071877116187,-0.1363595440202586,0.01054257258928838,-1.5789141657646495,0.15465049952806786,313.363646359424,18.669163324305416,10.011885245410975,14.556834616057204,12.40158943463001,17.12372236420399,-4.395278759960548,4.476241432584038,12.109165945921065,16.8816342388503,-0.1791874780010248,0.005256493736555564,-0.40730753080358967,0.13090971284044092,-4.565535045406012,1.6648282771117369,-80.48518733527001,676.7361843374302
BUT PPG,pulseppg,finetuned_demographics,dbp,official_ppgbp_script_equivalent,none,False,none,source_consistent_adaptation,source-faithful-v3,age/sex/BMI,38.0,66.0,3,mean_of_3_seed_specific_metrics,participant_resample_within_seed_then_mean_seed_metrics,6.604110432413626,0.0025240128200042125,8.033341867821465,0.01232855538011718,-0.22610651294481574,0.017547789155845626,8.030146931686986,0.011856086894568532,-0.0408936086224887,0.0031958320858202446,-0.17851938123477273,0.016916367052998673,-1.9906790004583186,0.1898227463369346,226.76057588734932,14.343824885128628,5.360885012722739,8.009659814334029,6.525865642656594,9.517893419179144,-2.425201193323756,2.0497984789984733,6.436379870800427,9.37051423917556,-0.16971622102854678,0.01183900871763005,-0.5108310197939698,0.1893118192494573,-5.895035520962476,2.3942886871530376,-105.47763810435578,523.0532830759951
BUT PPG,pulseppg,finetuned_demographics,sbp,official_ppgbp_script_equivalent,none,False,none,source_consistent_adaptation,source-faithful-v3,age/sex/BMI,38.0,66.0,3,mean_of_3_seed_specific_metrics,participant_resample_within_seed_then_mean_seed_metrics,12.264311731741065,0.018709945524519107,14.832000143188282,0.010626214270304754,0.10182004733161522,0.12161440111237702,14.831318438856554,0.01021224608652809,-0.03249003074859106,0.0014796465699635497,-0.15409889893551615,0.0038140961803786078,-1.862067287473408,0.08902441088504916,347.9322802113559,10.880483650075503,10.029474250267693,14.584470232100903,12.463801772601498,17.154623341844562,-4.1648524667461695,4.4951896117177705,12.213854682503662,17.054058669736353,-0.17193262640748355,0.0036136454125598465,-0.4427593136625724,0.12990823915480318,-5.2474273530441335,1.6763587215366138,-79.75245489089144,759.0283165075347
BUT PPG,pulseppg,frozen,dbp,official_ppgbp_script_equivalent,none,False,none,source_consistent_adaptation,source-faithful-v3,none,38.0,66.0,1,single_deterministic_fit,participant_resample_within_seed,7.2280508745112115,0.0,8.612389612939088,0.0,-0.43596902587484915,0.0,8.601347909109295,0.0,-0.19635618300923996,0.0,-0.18873885332593884,0.0,-0.6514761192338097,0.0,125.18470175481183,0.0,6.066715070812835,8.470299720685114,7.276313539928476,9.993645153498587,-2.9713312571932358,1.9516141218307053,7.180615714867369,9.894900292175345,-0.45366884820765746,-0.059451213479489735,-0.5093338810586241,0.10513728765487529,-2.168013049455784,0.3055995374511293,53.52382189086186,239.88408932566168
BUT PPG,pulseppg,frozen,sbp,official_ppgbp_script_equivalent,none,False,none,source_consistent_adaptation,source-faithful-v3,none,38.0,66.0,1,single_deterministic_fit,participant_resample_within_seed,12.811407903351164,0.0,15.538672755579654,0.0,0.34068002778515427,0.0,15.53493766075879,0.0,-0.1332197045871364,0.0,-0.115319609439354,0.0,-0.4323210675002981,0.0,174.17429285457436,0.0,10.552796072601932,15.18017013624394,13.025754604658939,18.02144632984327,-4.20156027590435,4.884454596001368,12.835287128335517,17.861194600075258,-0.3728818287686095,-0.020282814154519907,-0.2950311770276473,0.0968678141110352,-1.2006213399605734,0.43987977487196644,69.46628806220632,268.8958255357889
BUT PPG,pulseppg,frozen_demographics,dbp,official_ppgbp_script_equivalent,none,False,none,source_consistent_adaptation,source-faithful-v3,age/sex/BMI,38.0,66.0,1,single_deterministic_fit,participant_resample_within_seed,6.633329136286944,0.0,8.114118682014288,0.0,-0.8941685658517402,0.0,8.064699905244826,0.0,-0.06192995797373291,0.0,0.022318158375362294,0.0,0.09114052157737448,0.0,69.130897994894,0.0,5.417165215388865,7.934986653548098,6.741632417406598,9.491779657587053,-3.1850042899418933,1.3649938303228362,6.634845420001205,9.338942484363633,-0.28447867319256515,0.035748545971054896,-0.20636767504687492,0.22573581300599824,-0.8377589315551581,0.9920508543491691,1.3664421866559275,138.45298834464936
BUT PPG,pulseppg,frozen_demographics,sbp,official_ppgbp_script_equivalent,none,False,none,source_consistent_adaptation,source-faithful-v3,age/sex/BMI,38.0,66.0,1,single_deterministic_fit,participant_resample_within_seed,10.25015715887381,0.0,12.712367450627744,0.0,-0.7818680801099477,0.0,12.688300457708468,0.0,0.24152870060005804,0.0,0.5643539040471122,0.0,0.6746106299676965,0.0,40.062264976999415,0.0,8.232360768696513,12.294483383636333,10.6695918502245,14.600068419358184,-4.328200236406956,2.6680667534886844,10.506670616633253,14.43737159067776,-0.1607233784958716,0.4557303543453903,0.34264767251355616,0.7032977850389218,0.4207165942259455,0.9058072290449237,10.816432068042086,72.29357849281365
PPG-BP,anyppg,finetuned,dbp,source_consistent_filter_resample_zscore_adaptation,zero,True,none,source_consistent_adaptation,source-faithful-v3,none,219.0,219.0,3,mean_of_3_seed_specific_metrics,participant_resample_within_seed_then_mean_seed_metrics,8.74444093607306,0.10499695884655526,11.163190043290626,0.14699358526289844,-0.3740348995433791,0.5662949868703597,11.147463440923472,0.13179570055856604,-0.014126799056193925,0.026641520350382843,0.02858601254872024,0.08610018474982854,0.19163067786314236,0.5935461917775631,58.09446402471749,42.435276378783016,7.848502078551498,9.657903263673262,10.061081308782716,12.291162186604035,-1.8348160944317604,1.04562320366565,10.019890754389984,12.20151580700288,-0.05004514712978027,0.01111753065776218,-0.06863438250067017,0.12822633327690597,-0.5075166960016597,0.895920414024539,8.278303948661277,107.65363775574757
PPG-BP,anyppg,finetuned,sbp,source_consistent_filter_resample_zscore_adaptation,zero,True,none,source_consistent_adaptation,source-faithful-v3,none,219.0,219.0,3,mean_of_3_seed_specific_metrics,participant_resample_within_seed_then_mean_seed_metrics,14.975507898528663,0.1611169251919487,19.086668114314055,0.201775417389579,0.7375409984779299,1.089041134808543,19.051876308673844,0.17063374974407178,0.11861320811489133,0.01867846859350337,0.3832874921430012,0.033523406452551675,1.705204811908647,0.1336370410799437,-91.42310387779162,16.152489390667604,13.398057543087265,16.538164531316593,17.1308402853072,20.88442377198832,-1.7589304753551482,3.181329004845254,17.002882475383007,20.834750674796066,0.053002535676741215,0.16874163913189896,0.2517252248295844,0.49536367497808953,1.1054650682312708,2.26124801891277,-162.4346356580049,-14.6965324728838
PPG-BP,anyppg,finetuned_demographics,dbp,source_consistent_filter_resample_zscore_adaptation,zero,True,none,source_consistent_adaptation,source-faithful-v3,age/sex/BMI,219.0,219.0,3,mean_of_3_seed_specific_metrics,participant_resample_within_seed_then_mean_seed_metrics,8.586731917300861,0.048326512860362575,11.089648154450822,0.06702366171781206,-0.7313431552511415,0.9938578542101657,11.035819278980322,0.03046420123728411,-0.0007175932816719799,0.012107677972939176,0.1143476011637677,0.01642742760844255,0.64095884978129,0.08908358014575281,26.30999973066554,5.839407901230589,7.7124031349061415,9.539675481341957,9.9393445318136,12.183312079177282,-2.240028887417555,0.7110154796042606,9.883329898392603,12.086565904346362,-0.05393039386962116,0.03958904379933166,0.0005732704340236887,0.23045935199149287,0.001762393948421911,1.2842290371507692,-19.076373576492124,71.6089561624341
PPG-BP,anyppg,finetuned_demographics,sbp,source_consistent_filter_resample_zscore_adaptation,zero,True,none,source_consistent_adaptation,source-faithful-v3,age/sex/BMI,219.0,219.0,3,mean_of_3_seed_specific_metrics,participant_resample_within_seed_then_mean_seed_metrics,13.9976629355657,0.16609247594870954,17.890497051937867,0.2651776840244675,1.1320044941653977,1.5537459043501884,17.809198318609514,0.2958912424422306,0.225569664164011,0.022927558243204676,0.5044539472415208,0.04281502553729063,1.4050890606083921,0.1957134493517558,-53.52385962328933,26.356292802692064,12.483153281151697,15.441263438305429,16.069017091494885,19.602571094421222,-1.2413344801877215,3.524897629020799,15.862652724329193,19.485614900617218,0.15175118829916504,0.2839654075507795,0.42049239499329727,0.5751960704179108,1.1680008507614912,1.6490759710143954,-84.74031669042093,-23.653861424174394
PPG-BP,anyppg,frozen,dbp,source_consistent_filter_resample_zscore_adaptation,zero,True,none,source_consistent_adaptation,source-faithful-v3,none,219.0,219.0,1,single_deterministic_fit,participant_resample_within_seed,8.345249091039086,0.0,10.369485288652886,0.0,0.16350627622631253,0.0,10.368196123204036,0.0,0.12505687236556018,0.0,0.3587838628559747,0.0,0.8592948147853073,0.0,9.96907108891505,0.0,7.509212255763839,9.140469102352403,9.397706844664945,11.294681626398667,-1.2923809450096813,1.5239097820019831,9.34980400190639,11.280211262387098,0.0038240898242639055,0.21619842061809713,0.22739883719970796,0.4736309511786258,0.5235325147319856,1.1850139445645034,-13.19860144775718,33.57765662860271
PPG-BP,anyppg,frozen,sbp,source_consistent_filter_resample_zscore_adaptation,zero,True,none,source_consistent_adaptation,source-faithful-v3,none,219.0,219.0,1,single_deterministic_fit,participant_resample_within_seed,12.756205577496573,0.0,16.308341928471698,0.0,-0.04475511404124004,0.0,16.308280517446196,0.0,0.3565814829600067,0.0,0.5974290544402814,0.0,1.0316116509077446,0.0,-3.998389273853453,0.0,11.438478444557928,14.166837618576123,14.663604199728017,18.087194412184477,-2.1247925319855425,2.0712186963977617,14.646350187674344,18.03692654541048,0.2553926565109498,0.4425177248001258,0.5119045970592666,0.6743078586779014,0.8640162227191565,1.2189108612744874,-27.136272687831397,16.855471580400426
PPG-BP,anyppg,frozen_demographics,dbp,source_consistent_filter_resample_zscore_adaptation,zero,True,none,source_consistent_adaptation,source-faithful-v3,age/sex/BMI,219.0,219.0,1,single_deterministic_fit,participant_resample_within_seed,7.841886952477491,0.0,9.964415691770629,0.0,0.1190576654931789,0.0,9.963704399002014,0.0,0.1920786244208057,0.0,0.44094572311697156,0.0,0.9030858736319403,0.0,6.855694304151998,0.0,7.037246416743433,8.638005370825471,8.96722805630345,10.904498746918696,-1.2546757827107256,1.4770637123949926,8.948365762567585,10.88152974835242,0.05352773011362127,0.2995168697817324,0.3250217397548895,0.557815147529182,0.6020847439611046,1.2387828135397103,-16.742317991703292,28.23481017564031
PPG-BP,anyppg,frozen_demographics,sbp,source_consistent_filter_resample_zscore_adaptation,zero,True,none,source_consistent_adaptation,source-faithful-v3,age/sex/BMI,219.0,219.0,1,single_deterministic_fit,participant_resample_within_seed,12.170146570444693,0.0,15.332305122754393,0.0,-0.0721813970897526,0.0,15.332135214090528,0.0,0.4312926446857467,0.0,0.6570945579995934,0.0,1.0340438110403916,0.0,-4.281103671933604,0.0,10.956892329668094,13.433371709668098,13.772453270439021,16.86428615222665,-2.0344910394178015,1.9915245252216698,13.734280967673708,16.80059966910433,0.3369209264052891,0.5081123804467127,0.5869228275925573,0.7220911561894706,0.8758421617488307,1.2032735952832072,-25.69139896094643,15.410421545043617
PPG-BP,demographics,demographics,dbp,none,none,False,not_applicable,not_applicable,source-faithful-v3,age/sex/BMI,219.0,219.0,1,single_deterministic_fit,participant_resample_within_seed,8.569516370805523,0.0,10.934484703425973,0.0,-0.040337762197136307,0.0,10.934410299343881,0.0,0.02711374562186708,0.0,0.1719485033057246,0.0,0.7768601078497055,0.0,16.063785213746968,0.0,7.675150843764046,9.436845519059691,9.793849923803556,12.026139838485093,-1.469603023193016,1.3949452892777043,9.75788936767519,11.994386749110099,-0.029280982621119552,0.07404407628089844,0.06064328476864063,0.2856292439104136,0.270613977993788,1.299115748004308,-21.450602424438316,52.68898182725538
PPG-BP,demographics,demographics,sbp,none,none,False,not_applicable,not_applicable,source-faithful-v3,age/sex/BMI,219.0,219.0,1,single_deterministic_fit,participant_resample_within_seed,13.95000131706078,0.0,18.2789774064003,0.0,-0.013098133123937206,0.0,18.278972713547148,0.0,0.1916904117996513,0.0,0.44013052998962965,0.0,0.9072610650864136,0.0,11.87738550967301,0.0,12.422944108859927,15.538860216389685,16.38089844936576,20.177909075935972,-2.397632167406027,2.4427402348179226,16.3284592479154,20.09042620488749,0.08353101370838074,0.27733954360705027,0.33081749629728724,0.5303838001750898,0.6908690112517651,1.1198452856085575,-14.71762056089658,40.11027683922349
PPG-BP,handcrafted_ppg,ppg_features,dbp,handcrafted_morphology_and_statistics_v1,none,False,not_applicable,not_applicable,source-faithful-v3,none,219.0,219.0,1,single_deterministic_fit,participant_resample_within_seed,8.494205043891897,0.0,10.666721643076691,0.0,-0.07295301892670619,0.0,10.666472165993317,0.0,0.07417831541929043,0.0,0.27390315114330244,0.0,1.1152605788060537,0.0,-8.200032015499186,0.0,7.605504638962263,9.335414667510571,9.546057776655493,11.647395824034033,-1.488143722634108,1.2743989036795689,9.531899180702277,11.599832919880024,0.012210019788722812,0.12227577665204227,0.16186356740989272,0.37730653338707565,0.6275244903437224,1.6291741400431627,-45.31658387421325,26.17763415586552
PPG-BP,handcrafted_ppg,ppg_features,sbp,handcrafted_morphology_and_statistics_v1,none,False,not_applicable,not_applicable,source-faithful-v3,none,219.0,219.0,1,single_deterministic_fit,participant_resample_within_seed,13.26757045192977,0.0,17.5004404553956,0.0,-0.21553136693316516,0.0,17.499113187893695,0.0,0.25907901250450927,0.0,0.5125989357503521,0.0,1.1318632130454571,0.0,-16.62731386279272,0.0,11.797866911551685,14.762810372860427,15.703050833681617,19.287635046446542,-2.431208511672324,2.108162737363289,15.656439108291174,19.22084343982142,0.16997051218579426,0.3324546097483582,0.4199253760999249,0.594181970866688,0.9153501581677179,1.3520590444987,-44.246959176915716,10.560032351152781
PPG-BP,handcrafted_ppg,ppg_features_demographics,dbp,handcrafted_morphology_and_statistics_v1,none,False,not_applicable,not_applicable,source-faithful-v3,age/sex/BMI,219.0,219.0,1,single_deterministic_fit,participant_resample_within_seed,8.061503667998222,0.0,10.200492700459515,0.0,-0.15633956132524096,0.0,10.199294547844596,0.0,0.15334257094292714,0.0,0.39250526888801773,0.0,0.9451460788197725,0.0,4.088980388971428,0.0,7.298379258875065,8.906288103028581,9.224459623286423,11.232024747649202,-1.48774978945452,1.2320236860156373,9.200299577976525,11.185984005578407,0.059136982991067774,0.23394166973206174,0.2864207064972021,0.49796248445683283,0.6486730342422756,1.2917069140930797,-20.37950306938229,25.034436067764602
PPG-BP,handcrafted_ppg,ppg_features_demographics,sbp,handcrafted_morphology_and_statistics_v1,none,False,not_applicable,not_applicable,source-faithful-v3,age/sex/BMI,219.0,219.0,1,single_deterministic_fit,participant_resample_within_seed,12.693805413355822,0.0,16.398160041189,0.0,-0.2656848239154841,0.0,16.39600757229603,0.0,0.34947471784975226,0.0,0.5929186860652772,0.0,1.0795089070340589,0.0,-9.885974314038766,0.0,11.372913685700297,14.090807845194506,14.801931560342362,18.002716677942043,-2.5027347536959543,1.877405359244956,14.754691090450494,17.92322146559907,0.2644095808837733,0.42165317002955066,0.5180468920806234,0.6604872166062947,0.9141081935861124,1.251113669789149,-31.197160568647387,10.897394341177286
PPG-BP,papagei_p,finetuned,dbp,official_ppgbp_notebook_equivalent,zero,True,unknown,source_consistent_adaptation,source-faithful-v3,none,219.0,219.0,3,mean_of_3_seed_specific_metrics,participant_resample_within_seed_then_mean_seed_metrics,8.695494954337898,0.014133854626431472,10.987470770659874,0.023501075632341474,0.5191425697615424,0.039166235085562565,10.975155034674259,0.021991962876852744,0.01765912631197201,0.004200503668637903,0.14885520499691296,0.02011270837463594,1.4627382102713922,0.25998675721539233,-34.000073854698705,18.762093371854316,7.8322451463216645,9.581069446270929,9.909185530641691,12.050350475431408,-0.9953538562658547,2.014413533840689,9.847158015743952,12.024477742285978,-0.032223297195513145,0.042651339268626354,0.012986716530664785,0.28162434909851936,0.1306195649426686,3.0017935004541076,-144.89419768104713,62.68919327168506
PPG-BP,papagei_p,finetuned,sbp,official_ppgbp_notebook_equivalent,zero,True,unknown,source_consistent_adaptation,source-faithful-v3,none,219.0,219.0,3,mean_of_3_seed_specific_metrics,participant_resample_within_seed_then_mean_seed_metrics,15.841815877219686,0.005707803264104211,19.907436886451773,0.024269422882347375,0.3656406118721464,0.0760611740658094,19.903982717925242,0.023176410470150805,0.04125069143447132,0.0023368590684678535,0.2596478806777815,0.019356087215096577,2.625518641271744,0.3586239206765725,-208.93470504123172,45.974266530984664,14.233217940385599,17.460385652815834,18.04566388133501,21.72774629834243,-2.265908573845762,2.9720066467656006,17.98862233988124,21.68248566801576,0.011422511323345411,0.05680484332378909,0.18339066316503286,0.3529542817933419,1.6912251100310236,4.647026134844817,-467.3927049260584,-89.5590044259439
PPG-BP,papagei_p,finetuned_demographics,dbp,official_ppgbp_notebook_equivalent,zero,True,unknown,source_consistent_adaptation,source-faithful-v3,age/sex/BMI,219.0,219.0,3,mean_of_3_seed_specific_metrics,participant_resample_within_seed_then_mean_seed_metrics,8.577274788939624,0.0204537305467686,10.838354714694455,0.0413586031197916,0.5085480258751905,0.06685594851169196,10.826273067821058,0.0438833457721402,0.04413543658621821,0.007303019428110778,0.24906470538299352,0.03449279086715684,2.013058475200753,0.35024036095980565,-73.82655329288805,25.47501431652569,7.741906545294266,9.49452117891933,9.817385156165626,11.89177446221338,-0.9869564347285631,1.9679548291222724,9.750969239403883,11.848541323914247,-0.002324343460573696,0.07176561455070356,0.12048574928742853,0.37520226492678277,0.9252545260366726,3.2295769630815996,-161.77782446483488,4.37473334952332
PPG-BP,papagei_p,finetuned_demographics,sbp,official_ppgbp_notebook_equivalent,zero,True,unknown,source_consistent_adaptation,source-faithful-v3,age/sex/BMI,219.0,219.0,3,mean_of_3_seed_specific_metrics,participant_resample_within_seed_then_mean_seed_metrics,14.628008801116186,0.194876544175386,18.515850029960646,0.1499626542482416,1.1087482825976662,0.43132901119331357,18.479404105575277,0.1222673414664635,0.17056904586059432,0.013465386527536536,0.5191830432843819,0.004953115989369847,2.484167441818315,0.2649989673634507,-192.72262539624694,35.32285546103381,13.17840209308726,16.220526098731618,16.754760592850747,20.27431847764306,-1.4438661734271943,3.5962309955859957,16.54370745400647,20.228444815698097,0.12286949758778101,0.20513877734890254,0.4408985375231042,0.5959498196095229,2.019658611403878,3.0463711019636577,-264.42992951668526,-132.61456961741308
PPG-BP,papagei_p,frozen,dbp,official_ppgbp_notebook_equivalent,zero,True,unknown,released_exact,source-faithful-v3,none,219.0,219.0,1,single_deterministic_fit,participant_resample_within_seed,8.545962590288429,0.0,10.689857546857,0.0,0.0677726584672673,0.0,10.68964270866243,0.0,0.07015778285057239,0.0,0.26569140822022175,0.0,0.9302580972717319,0.0,4.947861878286723,0.0,7.721549073244903,9.419558992589783,9.723785450269443,11.699761867781612,-1.361149626178909,1.4724452249632807,9.699876983045886,11.656797695832635,-0.0066634625590771225,0.12732263259002782,0.1505437600114115,0.37559056012396136,0.503955200189758,1.3805142321427248,-27.459902403150533,35.262960206579
PPG-BP,papagei_p,frozen,sbp,official_ppgbp_notebook_equivalent,zero,True,unknown,released_exact,source-faithful-v3,none,219.0,219.0,1,single_deterministic_fit,participant_resample_within_seed,13.857615595920642,0.0,17.84308651072763,0.0,-0.11204733278202847,0.0,17.842734701399525,0.0,0.22978158010729088,0.0,0.4887963767349998,0.0,1.2426489176955846,0.0,-30.906530137115954,0.0,12.379895291329825,15.404999331663396,16.032185512146757,19.63162359861368,-2.3910022453969897,2.187610349606552,15.993780279350169,19.59194167259336,0.13937278206395504,0.3021176326473667,0.3830095862665829,0.5811248731791541,0.9358762977012239,1.5449488357585768,-69.77064573410401,7.0914263445018575
PPG-BP,papagei_p,frozen_demographics,dbp,official_ppgbp_notebook_equivalent,zero,True,unknown,released_exact,source-faithful-v3,age/sex/BMI,219.0,219.0,1,single_deterministic_fit,participant_resample_within_seed,8.113958273340362,0.0,10.22797006073527,0.0,0.0603132948316136,0.0,10.227792228519485,0.0,0.14877509656194465,0.0,0.3873390094259398,0.0,0.9170720079534327,0.0,5.903007794153807,0.0,7.308904628358202,8.940646286378836,9.233165095402748,11.19370755265343,-1.3465234287116432,1.3808353606500972,9.202134591167688,11.180193142647134,0.04641171428672127,0.22280508121076323,0.2855803129914354,0.4826561689027959,0.6294084275134827,1.241169701237792,-16.677086347534168,26.415529599019013
PPG-BP,papagei_p,frozen_demographics,sbp,official_ppgbp_notebook_equivalent,zero,True,unknown,released_exact,source-faithful-v3,age/sex/BMI,219.0,219.0,1,single_deterministic_fit,participant_resample_within_seed,12.794788047591252,0.0,16.360771260359783,0.0,0.0036072182949392594,0.0,16.360770862700534,0.0,0.35243780870111374,0.0,0.5948361988691888,0.0,1.0669264485729817,0.0,-8.5667668512848,0.0,11.46907159593089,14.090375998638212,14.776772037549401,17.776295115677204,-2.1773563935495286,2.292476281193274,14.721922003779929,17.74490038508473,0.2574449599177885,0.42752057389895454,0.513346350942218,0.6643674843839208,0.882062747751376,1.25762636956778,-32.156485572845995,14.640493489809106
PPG-BP,papagei_s,finetuned,dbp,official_ppgbp_notebook_equivalent,zero,True,unknown,source_consistent_adaptation,source-faithful-v3,none,219.0,219.0,3,mean_of_3_seed_specific_metrics,participant_resample_within_seed_then_mean_seed_metrics,8.792633920345002,0.051852022581281236,11.144878238131172,0.04129320605015592,0.4335059791983766,0.18839786547037352,11.135394443188984,0.03567251322176582,-0.01069485602329571,0.007483973930081328,-0.01038204598169572,0.03394905748150125,-0.10823123834063664,0.4085503991167521,79.71794608429083,29.510794081386653,7.866638559791982,9.699043268822933,10.042601188319653,12.216609457321004,-1.0987469794901066,1.8715855463977675,9.989264310680882,12.188918356113843,-0.04831721336378095,0.009501075492742943,-0.12518689107325512,0.11891904859963359,-1.4785468066221097,1.4271092675544133,-31.547296723226882,179.2996546169082
PPG-BP,papagei_s,finetuned,sbp,official_ppgbp_notebook_equivalent,zero,True,unknown,source_consistent_adaptation,source-faithful-v3,none,219.0,219.0,3,mean_of_3_seed_specific_metrics,participant_resample_within_seed_then_mean_seed_metrics,15.710483923389143,0.03255165352746607,19.693850262559078,0.03739724339211625,1.5281485098934553,0.4248418996834058,19.63140224585221,0.041558995693322755,0.061711819771049926,0.003564964973618346,0.35258324484062703,0.016691658183780815,3.084053795084667,0.3116511147570031,-271.2750065126115,39.05759368211978,14.234285073820395,17.268731807940128,17.862884575821028,21.43758735348388,-1.1007618347919828,4.103070234931506,17.650055732753092,21.337757213261792,0.015641713689026282,0.08923559848593704,0.23474739673061237,0.46046594794944556,2.087257891812546,4.104431853998421,-403.1469594637297,-142.39610553842223
PPG-BP,papagei_s,finetuned_demographics,dbp,official_ppgbp_notebook_equivalent,zero,True,unknown,source_consistent_adaptation,source-faithful-v3,age/sex/BMI,219.0,219.0,3,mean_of_3_seed_specific_metrics,participant_resample_within_seed_then_mean_seed_metrics,8.652406776255708,0.061816891716284204,10.934674386253185,0.043612498217223065,0.7772010684931508,0.18475488913830707,10.90600640802549,0.029961172750174514,0.027069673586784877,0.007769689706904816,0.19494793570040478,0.02720959561711086,1.6217193453793008,0.3607959464020385,-45.88921077958492,25.960114375821846,7.801739479350582,9.598833133434802,9.897853887662105,12.028869781026618,-0.5984921110984261,2.1965179442795515,9.808338637354117,12.000959278569292,-0.019299881451127873,0.056841459462196986,0.07303971623301397,0.31681716143085714,0.6505984243876274,2.5955243267360486,-116.84811238514996,24.47552751866608
PPG-BP,papagei_s,finetuned_demographics,sbp,official_ppgbp_notebook_equivalent,zero,True,unknown,source_consistent_adaptation,source-faithful-v3,age/sex/BMI,219.0,219.0,3,mean_of_3_seed_specific_metrics,participant_resample_within_seed_then_mean_seed_metrics,14.934386202435311,0.045318114921392226,18.89213536952431,0.003834535431111857,1.4084465332318616,0.5173270855761826,18.834798902293567,0.038712150814665086,0.13655227829732586,0.0003505279734717068,0.45980713913518256,0.008104366709889756,2.3486999453529345,0.15147486583662623,-175.83280477712196,18.826750943195417,13.355974228221713,16.510645872298333,17.05844573777105,20.623234356467922,-1.0437834480720452,3.8762439288178574,16.89346598009184,20.57540974142957,0.08422709382400262,0.17495799610760826,0.3728762211619313,0.5402049172608895,1.8942260330070089,2.8366959912327485,-238.6296440584137,-117.18474885581337
PPG-BP,papagei_s,frozen,dbp,official_ppgbp_notebook_equivalent,zero,True,unknown,released_exact,source-faithful-v3,none,219.0,219.0,1,single_deterministic_fit,participant_resample_within_seed,8.55491879841168,0.0,10.75943105861327,0.0,-0.01657747543467375,0.0,10.759418287823932,0.0,0.05801488776863106,0.0,0.2423741031837466,0.0,0.8998244548075427,0.0,7.2124611264860174,0.0,7.713561668429865,9.395218966358918,9.705279665186213,11.787632200295509,-1.4254741916021838,1.4191284483302848,9.67535311671755,11.773247259924448,-0.0015676517180205135,0.10596900699263057,0.14962957928327605,0.34044549402754126,0.5357425640536347,1.341026490735949,-24.69454948943701,33.03593679725125
PPG-BP,papagei_s,frozen,sbp,official_ppgbp_notebook_equivalent,zero,True,unknown,released_exact,source-faithful-v3,none,219.0,219.0,1,single_deterministic_fit,participant_resample_within_seed,13.829459576896456,0.0,18.023548404302723,0.0,-0.398177350717932,0.0,18.01914958813591,0.0,0.2141230828491495,0.0,0.4654016899654829,0.0,0.9105150599086009,0.0,11.811715521653685,0.0,12.340686577339877,15.396114393703403,16.168413480373374,19.987141774983208,-2.7912419167783873,1.9716930049714605,16.140279478484867,19.936804827065263,0.07894574867841017,0.3212786700616915,0.35533246000938695,0.5797085842373255,0.6245699753736458,1.2770390144461783,-35.9504697819632,48.134948284900574
PPG-BP,papagei_s,frozen_demographics,dbp,official_ppgbp_notebook_equivalent,zero,True,unknown,released_exact,source-faithful-v3,age/sex/BMI,219.0,219.0,1,single_deterministic_fit,participant_resample_within_seed,8.077759359044123,0.0,10.282838614844243,0.0,-0.1063259818063853,0.0,10.282288887427974,0.0,0.13961770627671666,0.0,0.3785305525675357,0.0,0.8635791733742088,0.0,9.893563857617327,0.0,7.231065627739403,8.977474284008165,9.263322454437649,11.354033892981068,-1.4559132932014895,1.30989861585765,9.251808462044238,11.312540294023165,0.039281060560762415,0.21224971700566436,0.2838934889683857,0.4674519962698254,0.6047512447444203,1.1800952364742978,-12.697446322706861,27.94909212988674
PPG-BP,papagei_s,frozen_demographics,sbp,official_ppgbp_notebook_equivalent,zero,True,unknown,released_exact,source-faithful-v3,age/sex/BMI,219.0,219.0,1,single_deterministic_fit,participant_resample_within_seed,12.883716202332966,0.0,16.73161381930185,0.0,-0.23767771803297302,0.0,16.7299255916039,0.0,0.3227490816528992,0.0,0.5684392685304209,0.0,0.9736067815693221,0.0,3.608290393481953,0.0,11.482094148837563,14.311509489055675,14.97006643416552,18.426470309655695,-2.3789001653644113,2.0020658552414985,14.901122798965574,18.362954239709072,0.21727187441679663,0.4117038873228539,0.48999279442222293,0.6484944702674313,0.7626772347770223,1.207084693052367,-26.223874684369722,30.85081772061606
PPG-BP,pulseppg,finetuned,dbp,official_ppgbp_script_equivalent,zero,True,none,source_consistent_adaptation,source-faithful-v3,none,219.0,219.0,3,mean_of_3_seed_specific_metrics,participant_resample_within_seed_then_mean_seed_metrics,8.846308547437848,0.03410758570298622,11.217359327751709,0.01466177778278701,0.24589270877727043,0.17943898161220995,11.213709903273545,0.010607683328391612,-0.023875575795211972,0.0026765635304981817,-0.1555008035310267,0.015983067253675987,-2.537301940504266,0.5398493682356724,254.71238397725446,38.5217186928682,7.935361686301373,9.767270044723489,10.08175734158609,12.333368068969431,-1.237457051319127,1.6747583837772708,10.043103299307187,12.317719497998072,-0.05465237069708951,-0.01006824290124351,-0.2704447098504374,-0.033643560496070014,-4.50686635886959,-0.5816512979335756,113.39798620057076,396.4481105282474
PPG-BP,pulseppg,finetuned,sbp,official_ppgbp_script_equivalent,zero,True,none,source_consistent_adaptation,source-faithful-v3,none,219.0,219.0,3,mean_of_3_seed_specific_metrics,participant_resample_within_seed_then_mean_seed_metrics,16.218999988330797,0.012746362166178006,20.356420809745156,0.007788537536354423,0.11924008269913784,0.15981047915091948,20.35565350075407,0.007217138193690431,-0.0024825481665982827,0.0007670317513160658,-0.038778574524000735,0.008362010475146692,-1.651976717738141,0.2737232217494023,339.50880189631863,35.109499303752585,14.663854366844241,17.888234387392185,18.536563605732553,22.200848040678355,-2.547650100494672,2.8756356911719907,18.467361643797442,22.159203628331422,-0.028089871539086445,0.0010459632052147018,-0.13720252501470354,0.05907303968595404,-6.112363352575193,2.334086852772903,-171.6429184796539,910.6273094079779
PPG-BP,pulseppg,finetuned_demographics,dbp,official_ppgbp_script_equivalent,zero,True,none,source_consistent_adaptation,source-faithful-v3,age/sex/BMI,219.0,219.0,3,mean_of_3_seed_specific_metrics,participant_resample_within_seed_then_mean_seed_metrics,8.860669294266868,0.03350185546443888,11.235361826627193,0.03526929127054067,0.2555211958396752,0.10414066291182421,11.2321365483402,0.03402829642621655,-0.02717018274025566,0.00645093382918587,-0.15835428237099683,0.0007860888845243806,-2.3718011343923693,0.49274475900908465,242.85745285202196,35.48193295731628,7.977207261910196,9.746858166882294,10.202106424732351,12.332424479549536,-1.2291759974124812,1.6974906014459648,10.106016009419038,12.311884682627568,-0.05733523079743925,-0.011696255330627802,-0.27564469553947296,-0.034314347158770936,-4.194133752101311,-0.5125596884372056,109.4161811090957,374.1566820974921
PPG-BP,pulseppg,finetuned_demographics,sbp,official_ppgbp_script_equivalent,zero,True,none,source_consistent_adaptation,source-faithful-v3,age/sex/BMI,219.0,219.0,3,mean_of_3_seed_specific_metrics,participant_resample_within_seed_then_mean_seed_metrics,16.214184212582442,0.008604306695068481,20.3557161144436,0.008283384796006099,0.09199969000507346,0.09712740704032904,20.355353821129004,0.007936594058802393,-0.002413154642405916,0.0008157483182491826,-0.04436602113944221,0.0031899001692534405,-2.176315074162106,0.5383229485806674,406.55978664937965,68.70315724140362,14.663687390829523,17.82538270273972,18.495904187725735,22.0896867441866,-2.4680568147894477,2.76771564294774,18.467775324499094,22.070788141936937,-0.02562723804056346,0.001795448485112494,-0.1566606889826543,0.08004037935712946,-7.87511260701826,3.9012457726983816,-370.6791631520804,1135.2458331228706
PPG-BP,pulseppg,frozen,dbp,official_ppgbp_script_equivalent,zero,True,none,released_exact,source-faithful-v3,none,219.0,219.0,1,single_deterministic_fit,participant_resample_within_seed,8.510821097853412,0.0,10.65167689408809,0.0,-0.2628309187713108,0.0,10.648433714128474,0.0,0.07678810172407247,0.0,0.2867263747724869,0.0,0.804387542028604,0.0,14.266039040828815,0.0,7.675190732696354,9.362840218487133,9.63599381494193,11.712580684901853,-1.6520075351351178,1.119994349501992,9.607145508878734,11.640660585272364,-0.009599357318824189,0.15071748056534173,0.17847646102356196,0.39690961906788,0.47738345819266503,1.1715159235120927,-11.465096287444116,37.16591352375127
PPG-BP,pulseppg,frozen,sbp,official_ppgbp_script_equivalent,zero,True,none,released_exact,source-faithful-v3,none,219.0,219.0,1,single_deterministic_fit,participant_resample_within_seed,13.585886603860285,0.0,17.523837073372594,0.0,-0.36626638028480457,0.0,17.52000898152683,0.0,0.2570965900518798,0.0,0.5073746722079167,0.0,0.9944811092516447,0.0,1.0703606069641536,0.0,12.14057778009317,15.086275395136552,15.783155416043071,19.212588165993175,-2.6607225940145347,1.936645350360241,15.762894160432703,19.156414822510527,0.1542484542312214,0.34218148513185387,0.4114616170471228,0.5960214034961425,0.7756094606377034,1.2294035761300315,-28.493673905069134,29.041231643883545
PPG-BP,pulseppg,frozen_demographics,dbp,official_ppgbp_script_equivalent,zero,True,none,released_exact,source-faithful-v3,age/sex/BMI,219.0,219.0,1,single_deterministic_fit,participant_resample_within_seed,7.773507165037202,0.0,10.037799605424773,0.0,-0.07116214022029682,0.0,10.037547353236498,0.0,0.1801347730130496,0.0,0.4257329919039619,0.0,0.9285675852729721,0.0,5.198448928532696,0.0,6.978347857309315,8.635748674908625,9.00906846266312,11.05672935840684,-1.3961515708490113,1.3140465644240504,8.972658532304113,11.000954883376682,0.07956576161271472,0.2626623437926613,0.3239825880278951,0.5204614361242825,0.6817239839920002,1.2040982988673645,-14.109596872048641,22.87387071253934
PPG-BP,pulseppg,frozen_demographics,sbp,official_ppgbp_script_equivalent,zero,True,none,released_exact,source-faithful-v3,age/sex/BMI,219.0,219.0,1,single_deterministic_fit,participant_resample_within_seed,12.963678515178062,0.0,16.623288785017014,0.0,-0.417626006339558,0.0,16.61804195893431,0.0,0.33149010842483106,0.0,0.5773309255607728,0.0,0.9391564759644103,0.0,8.176853353212428,0.0,11.692573604555726,14.445583327829613,15.114461144839817,18.230313742863153,-2.6697731627328927,1.794881132551347,15.082419429570239,18.158994433680917,0.22418699967471126,0.4112425820552192,0.49598787592019833,0.6471675669641868,0.7647679344377878,1.1160742800073578,-14.20868275695561,30.215799811736236
PulseDB-MIMIC,anyppg,finetuned,dbp,source_consistent_filter_resample_zscore_adaptation,none,False,exact_dataset_overlap,source_consistent_adaptation,source-faithful-v3,none,300.0,3000.0,3,mean_of_3_seed_specific_metrics,participant_resample_within_seed_then_mean_seed_metrics,9.881266235534595,0.04643918905255001,13.617066189545527,0.13438686900729183,-1.8949785069099907,1.4890687991667493,13.429831890866657,0.10236757162704642,0.07615909407088517,0.01828354786744885,0.37450748449582755,0.015079593055078543,0.6548716849554613,0.01836766632930696,22.50253256166789,0.1381482778279926,9.13086280060421,10.648590995059191,12.162620073773711,15.105151667917303,-3.116994534418786,-0.6655994447235284,12.034544126279092,14.8770030718752,0.0003013000787014081,0.13734725369971287,0.3189347307723521,0.43073422188498917,0.5449967179566829,0.7676056508448723,15.96486082108045,28.871881946257858
PulseDB-MIMIC,anyppg,finetuned,sbp,source_consistent_filter_resample_zscore_adaptation,none,False,exact_dataset_overlap,source_consistent_adaptation,source-faithful-v3,none,300.0,3000.0,3,mean_of_3_seed_specific_metrics,participant_resample_within_seed_then_mean_seed_metrics,17.189826218985015,0.19197367889703162,21.708514856569924,0.13526843351780354,-0.42633653481499684,1.5785494707758856,21.666042851694026,0.1309255351545617,0.12138397230369817,0.010952376557797168,0.38232028335243395,0.011292117003693581,0.7233735008920753,0.017545852564583433,33.904383646588805,1.6438590607937729,16.16441919898279,18.221014609964616,20.34906552783036,23.025793073559626,-2.449162987553653,1.5002794998152071,20.300893456080694,22.924301021207317,0.04059867697077109,0.1913278347316371,0.30980709486973346,0.45089276665066924,0.579792022506877,0.8626352712304581,16.793318627566606,51.70905159184431
PulseDB-MIMIC,anyppg,finetuned_demographics,dbp,source_consistent_filter_resample_zscore_adaptation,none,False,exact_dataset_overlap,source_consistent_adaptation,source-faithful-v3,age/sex,300.0,3000.0,3,mean_of_3_seed_specific_metrics,participant_resample_within_seed_then_mean_seed_metrics,9.615838589701967,0.08644280003629819,13.408238933256035,0.13584307378428429,-2.4186816581322135,0.7974758692761138,13.172645715540009,0.02946777497803745,0.1042741850175513,0.01819300170578405,0.4099794342353162,0.007134361321449098,0.6956064186619763,0.01943809085260628,20.417126426648192,1.3487839721932067,8.912637149780135,10.402399624410796,11.988632941994135,15.040985721287331,-3.6103175270147703,-1.2866297511672815,11.829140425272783,14.71755005679827,0.03168975026422005,0.17538920854489506,0.35179834166253005,0.47120109909870284,0.593645276995968,0.8071889161077096,13.976731407531267,26.381036565904594
PulseDB-MIMIC,anyppg,finetuned_demographics,sbp,source_consistent_filter_resample_zscore_adaptation,none,False,exact_dataset_overlap,source_consistent_adaptation,source-faithful-v3,age/sex,300.0,3000.0,3,mean_of_3_seed_specific_metrics,participant_resample_within_seed_then_mean_seed_metrics,17.163394641893046,0.20383345589767604,21.740731646583896,0.2233570251613734,-0.9911302461483306,1.1178429366722296,21.698684928952247,0.25794206060420655,0.11873499854719716,0.01815986019915013,0.37692276652136103,0.013711823643068433,0.7333950773435397,0.058816442984839824,33.137972184161036,6.303317383585025,16.100748582307425,18.201337300504413,20.354483888832654,23.12224700083617,-3.085620757497385,1.0060861264318757,20.280473276580857,23.009748472147734,0.03815100157739791,0.191586945423222,0.3048002001610192,0.44964050579378284,0.5882911518435602,0.8869163220150789,14.894037846555246,50.84268110196534
PulseDB-MIMIC,anyppg,frozen,dbp,source_consistent_filter_resample_zscore_adaptation,none,False,exact_dataset_overlap,source_consistent_adaptation,source-faithful-v3,none,300.0,3000.0,1,single_deterministic_fit,participant_resample_within_seed,9.55168311757442,0.0,13.072921439987038,0.0,0.05486672090566702,0.0,13.072806302359483,0.0,0.14857343683404634,0.0,0.3960579889720001,0.0,0.8132327866416685,0.0,11.451282066350304,0.0,8.840191451430107,10.278289822516161,11.726464954811014,14.486087786716887,-1.0832894379671727,1.2397438576810396,11.699093906251164,14.479672741993049,0.09295304987254682,0.1971166655727057,0.34315653337376634,0.45056122698160117,0.6819188858801271,0.942537572265003,3.7514000427445806,19.431544251659826
PulseDB-MIMIC,anyppg,frozen,sbp,source_consistent_filter_resample_zscore_adaptation,none,False,exact_dataset_overlap,source_consistent_adaptation,source-faithful-v3,none,300.0,3000.0,1,single_deterministic_fit,participant_resample_within_seed,16.88205981132651,0.0,21.292717138254382,0.0,0.08143226508106943,0.0,21.292561422147305,0.0,0.15474096171182627,0.0,0.40485080824135383,0.0,0.8088751150162173,0.0,23.13793253115169,0.0,15.839633012283622,17.87855171648808,19.97111688894725,22.546865653282335,-1.869951514051976,1.9916903371206192,19.949829952908928,22.51444893640618,0.08236607513432329,0.22007648418703893,0.3376329738603422,0.4717185392768244,0.6632249327850346,0.9578948348380848,5.12339079297853,40.39248625669992
PulseDB-MIMIC,anyppg,frozen_demographics,dbp,source_consistent_filter_resample_zscore_adaptation,none,False,exact_dataset_overlap,source_consistent_adaptation,source-faithful-v3,age/sex,300.0,3000.0,1,single_deterministic_fit,participant_resample_within_seed,9.26222349318343,0.0,12.765300506075668,0.0,0.05547919369078605,0.0,12.765179946615838,0.0,0.18817208895054371,0.0,0.438605686283389,0.0,0.8714306955020241,0.0,7.865355665107575,0.0,8.611779082827397,10.021910245811341,11.416549405611432,14.211066477782824,-1.0664928408997467,1.2407178416714,11.410008302996877,14.188591210430742,0.12695636973772806,0.24373086295161717,0.38060255200432513,0.4965422473792793,0.740184496539439,1.0086835365853317,-0.404017998680834,15.776105842965412
PulseDB-MIMIC,anyppg,frozen_demographics,sbp,source_consistent_filter_resample_zscore_adaptation,none,False,exact_dataset_overlap,source_consistent_adaptation,source-faithful-v3,age/sex,300.0,3000.0,1,single_deterministic_fit,participant_resample_within_seed,16.859983119610163,0.0,21.297972278248647,0.0,0.08084507778376171,0.0,21.29781883758161,0.0,0.1543236826303327,0.0,0.40436830927530854,0.0,0.808462604488045,0.0,23.188522296297215,0.0,15.868504316627355,17.94431420380997,20.022453606460548,22.61495027311864,-1.8629657729077984,1.9758292711149552,19.99561908861073,22.60463549245935,0.07891746432167794,0.22508904291766915,0.3336971657983639,0.47705511072642603,0.6585272684852161,0.9605088710802506,4.915960500018438,41.80369302493809
PulseDB-MIMIC,demographics,demographics,dbp,none,none,False,not_applicable,not_applicable,source-faithful-v3,age/sex,300.0,3000.0,1,single_deterministic_fit,participant_resample_within_seed,9.87202648779608,0.0,13.640474520983199,0.0,0.032882635904128404,0.0,13.640434886390091,0.0,0.07304030716202636,0.0,0.27033562713951076,0.0,0.978388632235127,0.0,1.2980516018461274,0.0,9.12795982060527,10.697644316160822,12.141164986190768,15.232334086898499,-1.352064758466433,1.2148399819379425,12.10302251782328,15.198306229593076,0.023680849550998834,0.11765559606562455,0.18525505578926646,0.3523718906671054,0.6727375684221001,1.2768091323307502,-16.960853704233866,20.393542965743666
PulseDB-MIMIC,demographics,demographics,sbp,none,none,False,not_applicable,not_applicable,source-faithful-v3,age/sex,300.0,3000.0,1,single_deterministic_fit,participant_resample_within_seed,18.79041810730002,0.0,23.180261759676718,0.0,-0.004312076346088933,0.0,23.180261358602674,0.0,-0.001761474102738525,0.0,-0.01651263740040989,0.0,-0.5775985305103459,0.0,191.52820648566208,0.0,17.675937713848654,19.89341373363261,21.87797434366274,24.476892917194906,-2.195899802882395,2.215198626109625,21.85173342112084,24.42628404407309,-0.014589460382413254,0.0029368894992972366,-0.10878667861022895,0.08215285884187953,-3.8610237122849407,2.9567562338773237,-237.52486132273233,592.1522207515148
PulseDB-MIMIC,handcrafted_ppg,ppg_features,dbp,handcrafted_morphology_and_statistics_v1,none,False,not_applicable,not_applicable,source-faithful-v3,none,300.0,3000.0,1,single_deterministic_fit,participant_resample_within_seed,9.909093454207767,0.0,13.482739300985417,0.0,0.07870993628514444,0.0,13.482509551425014,0.0,0.09435463866856098,0.0,0.30911259439144134,0.0,0.9005568902417542,0.0,6.050042692978173,0.0,9.190368765636926,10.67498382440556,12.134033234517254,14.834782749072176,-1.1235377380565017,1.2660434122037942,12.11387142869155,14.8262158158885,0.044113508810519314,0.13955629530866528,0.2392715480410292,0.3759633967261336,0.6833285808990883,1.1260831683244974,-7.632903133052438,19.248126273410207
PulseDB-MIMIC,handcrafted_ppg,ppg_features,sbp,handcrafted_morphology_and_statistics_v1,none,False,not_applicable,not_applicable,source-faithful-v3,none,300.0,3000.0,1,single_deterministic_fit,participant_resample_within_seed,17.49882127406636,0.0,21.913322545084295,0.0,0.1139282294949655,0.0,21.913026384400304,0.0,0.10475044003108891,0.0,0.3338239397648646,0.0,0.8035122485284764,0.0,23.763345122215014,0.0,16.520179599145337,18.57624376195825,20.7308496569506,23.144959673718997,-2.026371675518289,2.2045874117198934,20.69726408735905,23.12407500506501,0.03820154723454851,0.16290259340118324,0.2583849193856385,0.4058142335969176,0.6140852979894912,1.007733327719553,-0.27764042808104467,46.44677398588064
PulseDB-MIMIC,handcrafted_ppg,ppg_features_demographics,dbp,handcrafted_morphology_and_statistics_v1,none,False,not_applicable,not_applicable,source-faithful-v3,age/sex,300.0,3000.0,1,single_deterministic_fit,participant_resample_within_seed,9.625597013624162,0.0,13.17461481821844,0.0,0.11442887178472656,0.0,13.174117869585158,0.0,0.13527553533437198,0.0,0.36799017396721645,0.0,1.0242649752628321,0.0,-1.6107640180212726,0.0,8.95853843033635,10.377427812327282,11.763874358471922,14.670684437530443,-1.1051855998109863,1.3368428147648375,11.73453249814278,14.650222724674904,0.08132743129141234,0.18327566390858965,0.3011174508336652,0.4369162211417625,0.7996470877461299,1.2657038991346292,-16.005058093902406,12.025277641493114
PulseDB-MIMIC,handcrafted_ppg,ppg_features_demographics,sbp,handcrafted_morphology_and_statistics_v1,none,False,not_applicable,not_applicable,source-faithful-v3,age/sex,300.0,3000.0,1,single_deterministic_fit,participant_resample_within_seed,17.592071445719153,0.0,22.06451727851716,0.0,0.006592341546730662,0.0,22.064516293701416,0.0,0.09235396498287085,0.0,0.315924981033021,0.0,0.7853659007834176,0.0,26.052794800385897,0.0,16.605294164562928,18.690668046009872,20.930222056789574,23.380113734744107,-1.983065281093454,2.0833533788374163,20.87012240955945,23.365646864513273,0.025476012483617146,0.14990848647272656,0.23688798531917243,0.3909233774611942,0.5825084168282121,0.9942715935441342,0.7713568093818738,50.15914765299544
PulseDB-MIMIC,papagei_p,finetuned,dbp,official_ppgbp_notebook_equivalent,none,False,source_overlap,source_consistent_adaptation,source-faithful-v3,none,300.0,3000.0,3,mean_of_3_seed_specific_metrics,participant_resample_within_seed_then_mean_seed_metrics,10.225172229242489,0.018963102976502423,13.92739186441432,0.015198471485575533,0.011929348201120534,0.19422710624808825,13.926484386812703,0.014440011617606049,0.03363358569987581,0.0021084838773444336,0.22878750456513822,0.004192900641759067,0.6266300535058564,0.007072333656638979,22.974642704981914,0.3923456764797306,9.48788678850412,10.985561361753142,12.563076859783491,15.386307637954594,-1.353619042733303,1.2945069754804335,12.527349390684309,15.346513374251545,-0.013395056850618509,0.07321630377080843,0.16926229172033766,0.2870422528120958,0.4599627746450073,0.7970788920725509,12.620722807684057,33.2033548241902
PulseDB-MIMIC,papagei_p,finetuned,sbp,official_ppgbp_notebook_equivalent,none,False,source_overlap,source_consistent_adaptation,source-faithful-v3,none,300.0,3000.0,3,mean_of_3_seed_specific_metrics,participant_resample_within_seed_then_mean_seed_metrics,18.357481832674026,0.0778546222036803,22.651415577015968,0.0641546980125401,1.738772931407226,0.6376680995867665,22.578612776421693,0.04251308254767659,0.04342137488634582,0.00541611427567532,0.22271776367061577,0.008183739319159182,1.0164036813828612,0.04843755704947794,-3.744358600330458,5.516531252210911,17.39955916250612,19.39280078773752,21.516685599727452,23.84410141448808,-0.36046944162657646,3.7873689584757724,21.384185766011324,23.767014891733304,0.005526702261847017,0.07357525594255039,0.1529460644950886,0.2913514112018536,0.7011186025473527,1.3290439848904496,-42.93974292728879,35.12401445559956
PulseDB-MIMIC,papagei_p,finetuned_demographics,dbp,official_ppgbp_notebook_equivalent,none,False,source_overlap,source_consistent_adaptation,source-faithful-v3,age/sex,300.0,3000.0,3,mean_of_3_seed_specific_metrics,participant_resample_within_seed_then_mean_seed_metrics,9.90252005506604,0.01685445249359938,13.656815176173547,0.02613268359742543,0.06516695053445389,0.1036345760396506,13.656397372396619,0.02626860640631966,0.07081579935074363,0.0035550939462089225,0.296933797399872,0.005353942261924965,0.6929012747900191,0.006383067195018535,18.857377237599263,0.4032289299503128,9.175052525622771,10.665671732632534,12.210777328626756,15.07565167730296,-1.1666774418579369,1.3141053470468926,12.164322978791754,15.057402143417212,0.014565821792575434,0.12226911726245238,0.23571791910621628,0.3611985361980281,0.5474000774160493,0.8473876938170941,9.482301768527865,27.91714027948807
PulseDB-MIMIC,papagei_p,finetuned_demographics,sbp,official_ppgbp_notebook_equivalent,none,False,source_overlap,source_consistent_adaptation,source-faithful-v3,age/sex,300.0,3000.0,3,mean_of_3_seed_specific_metrics,participant_resample_within_seed_then_mean_seed_metrics,18.34859265057941,0.03413446483737679,22.657637753243336,0.02920964353400722,1.557641033407226,0.4492709823411932,22.60105732959727,0.027831932256014852,0.04289983049401106,0.002468355546782156,0.21838793367368126,0.005453150314459414,1.018926195679847,0.02714205805694034,-3.8860281151957197,3.4389524441186934,17.38058914698942,19.35842433308789,21.54548129610361,23.80116095856344,-0.5252098497988457,3.604814524180363,21.3992720053551,23.73951920227408,0.007091253401131953,0.0697945750895063,0.14829979945394944,0.284383706357766,0.6961774956832164,1.343113442651927,-44.22170043584413,35.928404295275676
PulseDB-MIMIC,papagei_p,frozen,dbp,official_ppgbp_notebook_equivalent,none,False,source_overlap,source_consistent_adaptation,source-faithful-v3,none,300.0,3000.0,1,single_deterministic_fit,participant_resample_within_seed,10.233851382616894,0.0,13.96307833282102,0.0,0.06167329865338045,0.0,13.962942130250667,0.0,0.028675727508983728,0.0,0.23146386686080733,0.0,0.5947162663176989,0.0,24.909359208008432,0.0,9.511406101630396,11.064436288619202,12.553479152437488,15.538996600030199,-1.2069887372043189,1.3582919923416175,12.516358935149656,15.511925663543414,-0.02550763619518784,0.07659522442301167,0.16666412117736995,0.29709129388192235,0.4299019387053417,0.7679883588923844,14.44203717933328,35.22509129996087
PulseDB-MIMIC,papagei_p,frozen,sbp,official_ppgbp_notebook_equivalent,none,False,source_overlap,source_consistent_adaptation,source-faithful-v3,none,300.0,3000.0,1,single_deterministic_fit,participant_resample_within_seed,18.3491467416898,0.0,22.880052227911914,0.0,0.1892746240215737,0.0,22.879269329868873,0.0,0.02401829510884146,0.0,0.21912493043728246,0.0,0.5861772210389058,0.0,50.129821793673955,0.0,17.303139428275014,19.38099199145515,21.638641592225056,24.09201168168884,-1.878211035399974,2.238063595953741,21.598997864054326,24.060611851972407,-0.041372790520878826,0.07822654429537088,0.14104727154544483,0.2920665446284392,0.37068815701026814,0.7989561921406604,23.86985776179148,76.88346894728238
PulseDB-MIMIC,papagei_p,frozen_demographics,dbp,official_ppgbp_notebook_equivalent,none,False,source_overlap,source_consistent_adaptation,source-faithful-v3,age/sex,300.0,3000.0,1,single_deterministic_fit,participant_resample_within_seed,9.901458999502484,0.0,13.59263338485821,0.0,0.085964527240943,0.0,13.59236154739927,0.0,0.07953114238448711,0.0,0.3043394510600789,0.0,0.7270482819958085,0.0,16.73823250386566,0.0,9.192009240318885,10.660397105846572,12.158375406484689,15.147317942645529,-1.134826089495192,1.2835591622202294,12.124175204609509,15.100447284657035,0.023098282743547697,0.13279758787187543,0.23812398079247335,0.37217978988420874,0.5687829278073643,0.8918457849557627,6.724091386731373,26.476406300701203
PulseDB-MIMIC,papagei_p,frozen_demographics,sbp,official_ppgbp_notebook_equivalent,none,False,source_overlap,source_consistent_adaptation,source-faithful-v3,age/sex,300.0,3000.0,1,single_deterministic_fit,participant_resample_within_seed,18.36423874362449,0.0,22.899527981230307,0.0,0.17655432280165684,0.0,22.898847358202328,0.0,0.022356055124494456,0.0,0.21691172009770057,0.0,0.5801764477928562,0.0,50.86687041230941,0.0,17.343545346037754,19.398232416194926,21.700051642315838,24.10544225545588,-1.950492274161658,2.183203991948982,21.67170322611948,24.096829092380943,-0.04072902733625754,0.07888557203552078,0.1412668452096793,0.29192342943596733,0.3691216056793139,0.7995209336802356,24.46141215803015,76.51669531177212
PulseDB-MIMIC,papagei_s,finetuned,dbp,official_ppgbp_notebook_equivalent,none,False,source_overlap,source_consistent_adaptation,source-faithful-v3,none,300.0,3000.0,3,mean_of_3_seed_specific_metrics,participant_resample_within_seed_then_mean_seed_metrics,10.1679759413534,0.01396149470204188,13.909294160088843,0.02148034326995506,-0.4814258705766575,0.222544581597368,13.899778433590654,0.014639143161167562,0.036142642373758305,0.0029758704299313117,0.19432812563333302,0.006136474912242357,1.0885633739414993,0.06567218787706644,-4.935337920305286,4.223056378698372,9.422247025383191,10.970822711188264,12.486677299506278,15.434442398467846,-1.7880340806773471,0.7812460468033746,12.482523544880902,15.381483820818719,0.013055498845335843,0.05399623517309021,0.14166113639609837,0.24722506853565207,0.7787738757442436,1.4175746185966451,-24.857262029539605,13.612815947306732
PulseDB-MIMIC,papagei_s,finetuned,sbp,official_ppgbp_notebook_equivalent,none,False,source_overlap,source_consistent_adaptation,source-faithful-v3,none,300.0,3000.0,3,mean_of_3_seed_specific_metrics,participant_resample_within_seed_then_mean_seed_metrics,18.41164733509535,0.06090830150842336,23.077588408780855,0.10053869542850377,-3.444560604259442,0.7346209813215707,22.811287464031306,0.057618626272272745,0.007080601113770142,0.00866104490800965,0.19247135566915122,0.007962971700003782,0.6951965216497005,0.035795516739037136,39.40847213340192,4.0076124125127714,17.34694673751122,19.494911463004435,21.73711850612766,24.37108026024549,-5.517669150757463,-1.350460535348002,21.501358162292643,23.950155769462782,-0.04387081504781354,0.0505509946516368,0.12203199688459214,0.25792990133708044,0.445871342738876,0.9308941057458295,11.277744768197552,68.5528411188429
PulseDB-MIMIC,papagei_s,finetuned_demographics,dbp,official_ppgbp_notebook_equivalent,none,False,source_overlap,source_consistent_adaptation,source-faithful-v3,age/sex,300.0,3000.0,3,mean_of_3_seed_specific_metrics,participant_resample_within_seed_then_mean_seed_metrics,9.755124388451078,0.02151249470407635,13.551298474339454,0.0383260293879815,-1.432965438021102,0.40414453662633165,13.471308818471414,0.018567315715996086,0.0851160043058683,0.005170792088288003,0.3121871416759601,0.005009258372304804,1.1442597993664407,0.03159417705484814,-7.237730989173774,1.8371886283792183,8.985767719488909,10.572757646270222,12.010417176830853,15.185911629484414,-2.692769334178763,-0.23483547400049545,11.969230642174882,14.971658699884825,0.04111711915693137,0.12491865488814385,0.24694861899387704,0.3751835118838713,0.8986408374808954,1.4170890932431104,-23.03602848286314,7.810647874950923
PulseDB-MIMIC,papagei_s,finetuned_demographics,sbp,official_ppgbp_notebook_equivalent,none,False,source_overlap,source_consistent_adaptation,source-faithful-v3,age/sex,300.0,3000.0,3,mean_of_3_seed_specific_metrics,participant_resample_within_seed_then_mean_seed_metrics,18.53346339126578,0.080125464443559,23.242719203949964,0.04705501201345945,-3.8925962524816646,0.5043727060326824,22.910683834923002,0.07878632563486618,-0.0071698383168500674,0.004076112070610045,0.17681948007680948,0.010418501956250494,0.6485078238940013,0.06906113386067853,45.22092263578714,7.780951940010046,17.40929587943935,19.641044510924086,21.887786413414027,24.594064607953484,-5.929192283825513,-1.752915897266395,21.67066566284856,24.091248746462966,-0.06243720549349852,0.037168189022963295,0.11114060240984858,0.24165772730486165,0.40482058971400614,0.8877444477859586,16.967183365660826,74.10916179932957
PulseDB-MIMIC,papagei_s,frozen,dbp,official_ppgbp_notebook_equivalent,none,False,source_overlap,source_consistent_adaptation,source-faithful-v3,none,300.0,3000.0,1,single_deterministic_fit,participant_resample_within_seed,10.148764261433431,0.0,13.796995271889656,0.0,-0.0004515211764135052,0.0,13.796995264501405,0.0,0.05164503206913873,0.0,0.2412974301613713,0.0,0.7484155464965947,0.0,15.485872244072818,0.0,9.40935221610084,10.951538312459741,12.391120614040329,15.305238672799785,-1.2249145625269373,1.2221565920783268,12.379767039498539,15.279600317613097,0.01773577677074102,0.08008069519512323,0.19496085885939518,0.28961304471115296,0.5933195226802118,0.910992072628248,5.616091957621519,24.909284194042552
PulseDB-MIMIC,papagei_s,frozen,sbp,official_ppgbp_notebook_equivalent,none,False,source_overlap,source_consistent_adaptation,source-faithful-v3,none,300.0,3000.0,1,single_deterministic_fit,participant_resample_within_seed,18.132936406147977,0.0,22.557434311311596,0.0,-0.02204111957039545,0.0,22.55742354299767,0.0,0.05134771640918656,0.0,0.23944059708205293,0.0,0.755830010380699,0.0,29.660480265360494,0.0,17.070014524667652,19.146669603529176,21.365892839339594,23.733788512065143,-2.208722972221721,2.027701352005681,21.314946837569646,23.701393461503226,0.00836836033628489,0.08887319006021235,0.17542995995919555,0.30128479484347026,0.5442046113307896,0.9546496440818288,5.7420411481056775,55.15048406938456
PulseDB-MIMIC,papagei_s,frozen_demographics,dbp,official_ppgbp_notebook_equivalent,none,False,source_overlap,source_consistent_adaptation,source-faithful-v3,age/sex,300.0,3000.0,1,single_deterministic_fit,participant_resample_within_seed,9.844882250459882,0.0,13.478197531521273,0.0,0.011420076668286538,0.0,13.478192693404967,0.0,0.094964683788899,0.0,0.3120581883875962,0.0,0.86394696977696,0.0,8.364474121706962,0.0,9.159510219384588,10.643686836706484,12.102176817047644,15.105021480073516,-1.2245687232752824,1.1743640587262016,12.083572157739223,15.081338389307154,0.0523482632547728,0.1378606903124026,0.254206934589362,0.3732127511372097,0.7063928466759714,1.0431349927165399,-2.421113899583473,18.171133095961938
PulseDB-MIMIC,papagei_s,frozen_demographics,sbp,official_ppgbp_notebook_equivalent,none,False,source_overlap,source_consistent_adaptation,source-faithful-v3,age/sex,300.0,3000.0,1,single_deterministic_fit,participant_resample_within_seed,18.150095043233815,0.0,22.592041730162585,0.0,-0.02607654353609462,0.0,22.592026680917428,0.0,0.048434655417353145,0.0,0.234743048607787,0.0,0.7419111738771071,0.0,31.3530044623295,0.0,17.114441386231313,19.17860237174013,21.355563180734805,23.751380935267477,-2.0855654528720806,2.034315895438568,21.337873855755067,23.727412146724216,0.003264176015953912,0.08299369820053462,0.1681807606403124,0.29238913581723913,0.5332689602236975,0.944268205288696,6.977566453219219,57.47894109416124
PulseDB-MIMIC,pulseppg,finetuned,dbp,official_ppgbp_script_equivalent,none,False,none,source_consistent_adaptation,source-faithful-v3,none,300.0,3000.0,3,mean_of_3_seed_specific_metrics,participant_resample_within_seed_then_mean_seed_metrics,9.999883032861588,0.03011258832829779,13.519653503485328,0.06387598102367846,-0.38504951302110185,0.31592260593187466,13.511726579503046,0.05737507627261126,0.08937519106129162,0.008593251716546476,0.31002239536889664,0.009236025199701717,0.8074006864434421,0.04048706925515016,12.157254022345207,2.7365263224132144,9.301097833263098,10.75269317368222,12.198556555864052,14.968097848598445,-1.6270272193105217,0.8265363849543701,12.190267469627939,14.918228212454476,0.03306468363427795,0.13647665174517182,0.24508844009150177,0.37486360115220313,0.6048579415322793,1.0174979964279935,-0.45553902907869936,24.116950305414022
PulseDB-MIMIC,pulseppg,finetuned,sbp,official_ppgbp_script_equivalent,none,False,none,source_consistent_adaptation,source-faithful-v3,none,300.0,3000.0,3,mean_of_3_seed_specific_metrics,participant_resample_within_seed_then_mean_seed_metrics,18.39821864603204,0.1386348994289169,22.81562853461341,0.11723503931022229,1.8675455310738924,0.6436113198419365,22.733118838602948,0.07238098227010582,0.029489646337352775,0.00996698808498888,0.21551601196574635,0.007629338419021503,0.6853191085252672,0.038578780070180015,36.939170354246855,4.363356140061009,17.362921599634916,19.442037607680756,21.55511600714048,24.069671704582756,-0.3478880754159706,4.027587042180485,21.452132913758703,23.992133395586883,-0.03594908944872744,0.08292983744281753,0.12120097305750496,0.30063732205138416,0.3817662648910791,0.9644816722787057,2.5174757646363792,73.85942112700795
PulseDB-MIMIC,pulseppg,finetuned_demographics,dbp,official_ppgbp_script_equivalent,none,False,none,source_consistent_adaptation,source-faithful-v3,age/sex,300.0,3000.0,3,mean_of_3_seed_specific_metrics,participant_resample_within_seed_then_mean_seed_metrics,9.990263626966282,0.01628730874056873,13.573993993759919,0.056124702581733375,-0.6705694354655464,0.3451205899316637,13.554526524930784,0.041619110290207664,0.08204340196788755,0.007581947408325773,0.2941367082001219,0.00835016252416755,0.8728955691168861,0.02500288935777765,8.403298114566768,1.8198683470142576,9.273564644331108,10.783280267213502,12.272799197197976,15.040159916417855,-1.9575469377888572,0.5877755019155322,12.25950659345024,14.97411737168077,0.036815858550002994,0.12092753053188394,0.23351068846428333,0.3545078178934749,0.6574496507213471,1.1174863685909853,-5.87346065769839,21.054890467763457
PulseDB-MIMIC,pulseppg,finetuned_demographics,sbp,official_ppgbp_script_equivalent,none,False,none,source_consistent_adaptation,source-faithful-v3,age/sex,300.0,3000.0,3,mean_of_3_seed_specific_metrics,participant_resample_within_seed_then_mean_seed_metrics,18.34763505292764,0.048204791090853176,22.8045783922073,0.09390727156668498,2.1273924006294482,0.2876732334384422,22.703836357556312,0.11950100618981899,0.0304356057393866,0.007994404637658535,0.22626090395292145,0.013410459035648416,0.6732153909276787,0.04925780243675722,38.23228865826027,6.269756984338425,17.3140992679747,19.36740947851055,21.60458558661576,23.98066387338499,0.09961182731534421,4.20585751299127,21.410254574791765,23.897372770675005,-0.03613423427755352,0.08903834958725133,0.1405175145868277,0.3110820012595401,0.41396403629485234,0.9388095014970887,5.967877713524542,71.07157049577907
PulseDB-MIMIC,pulseppg,frozen,dbp,official_ppgbp_script_equivalent,none,False,none,source_consistent_adaptation,source-faithful-v3,none,300.0,3000.0,1,single_deterministic_fit,participant_resample_within_seed,9.970176962798892,0.0,13.514455747385544,0.0,0.07459490405813901,0.0,13.514249877382419,0.0,0.09008879379219403,0.0,0.31178577897307613,0.0,0.787316326419661,0.0,13.032382484308846,0.0,9.291227667398218,10.726493651985304,12.17430199577181,14.981473626354525,-1.1338531467919433,1.2691320562087034,12.1080496662493,14.937749373911023,0.043555175320662574,0.13501358610713418,0.2570660023278088,0.3704184724596938,0.637110149923144,0.9517470740958996,3.1730142452809775,22.198971038916422
PulseDB-MIMIC,pulseppg,frozen,sbp,official_ppgbp_script_equivalent,none,False,none,source_consistent_adaptation,source-faithful-v3,none,300.0,3000.0,1,single_deterministic_fit,participant_resample_within_seed,17.64326357231372,0.0,22.079150378028835,0.0,0.09226663070537439,0.0,22.07895759053106,0.0,0.09114967134156149,0.0,0.3111556831157585,0.0,0.8053984549478141,0.0,23.551578751153833,0.0,16.669008537027956,18.69750314961646,20.853695314900797,23.378340502437613,-2.040488243120961,2.0980448512346266,20.82850769772797,23.35721441326803,0.023630957697088884,0.1443104491619933,0.23133846796492955,0.3819501243541993,0.5813451368234764,1.0022485279358742,-0.1238531464166827,50.11773272801135
PulseDB-MIMIC,pulseppg,frozen_demographics,dbp,official_ppgbp_script_equivalent,none,False,none,source_consistent_adaptation,source-faithful-v3,age/sex,300.0,3000.0,1,single_deterministic_fit,participant_resample_within_seed,9.651816946994487,0.0,13.213935924992155,0.0,0.07609465041110924,0.0,13.213716821317805,0.0,0.13010609930305417,0.0,0.3658147641691541,0.0,0.8576670657581056,0.0,8.695617439573729,0.0,8.97921768994609,10.413666226205986,11.788100269392423,14.739818153103643,-1.023825224633078,1.2386678268850724,11.7808924136631,14.726790435711418,0.07338797616867787,0.18567102345708075,0.30075855221493614,0.4328040717737902,0.6981706265660617,1.022035985068434,-1.2881777895187412,18.3553147226188
PulseDB-MIMIC,pulseppg,frozen_demographics,sbp,official_ppgbp_script_equivalent,none,False,none,source_consistent_adaptation,source-faithful-v3,age/sex,300.0,3000.0,1,single_deterministic_fit,participant_resample_within_seed,17.651609767571816,0.0,22.10517491078764,0.0,0.08458230645461051,0.0,22.105013089115104,0.0,0.08900589821586302,0.0,0.30843097534224323,0.0,0.7978034185825978,0.0,24.480496791403063,0.0,16.625057318034166,18.67990493570888,20.80988449216369,23.408831334458327,-1.9090262655428072,2.1239683270193663,20.785530042526716,23.395499670298758,0.025346124910300093,0.14201474798500074,0.2312764743170619,0.37975860268430056,0.5835011019121351,0.9983114001353149,0.6359613093322165,50.073564710764934
PulseDB-Vital,anyppg,finetuned,dbp,source_consistent_filter_resample_zscore_adaptation,none,False,exact_dataset_overlap,source_consistent_adaptation,source-faithful-v3,none,300.0,3000.0,3,mean_of_3_seed_specific_metrics,participant_resample_within_seed_then_mean_seed_metrics,9.091526185244666,0.1612228067786035,11.644076540626285,0.22505885500577524,-0.09277847603913747,1.3623559644945897,11.591070224988792,0.17070509895920424,0.2039663923560553,0.030898223793320856,0.48531288826813096,0.015989278462892303,0.7583009536703473,0.03516305162010939,15.430193697072468,3.202413037057772,8.566482949829888,9.634386698360872,10.96004911052898,12.368349053374791,-1.1130982382392836,0.9681813184340923,10.888819964948068,12.295377829453878,0.13056527141264584,0.2662345033743807,0.4328949671016256,0.5344954896395478,0.6662292701592898,0.8558546117679693,9.403437985565018,21.142736472565833
PulseDB-Vital,anyppg,finetuned,sbp,source_consistent_filter_resample_zscore_adaptation,none,False,exact_dataset_overlap,source_consistent_adaptation,source-faithful-v3,none,300.0,3000.0,3,mean_of_3_seed_specific_metrics,participant_resample_within_seed_then_mean_seed_metrics,14.418494893940803,0.22650335110762876,18.42278191515595,0.22169906493236977,-2.862576959639142,1.949062500610786,18.129492976685714,0.198374448632329,0.2605021040628501,0.017844246296127825,0.5474554693925615,0.00973179082695935,0.814566721061578,0.028493602096748474,23.962263774777238,2.5757748493695107,13.68748020605042,15.14231653491304,17.503986827207626,19.316413454507384,-4.332974213595446,-1.3515793797309938,17.199985808316143,19.018777192819147,0.19456876894301978,0.3205211115864339,0.4989290186769015,0.5948199277769025,0.7290914019037185,0.9013319862985558,14.578234855939487,33.201441797185225
PulseDB-Vital,anyppg,finetuned_demographics,dbp,source_consistent_filter_resample_zscore_adaptation,none,False,exact_dataset_overlap,source_consistent_adaptation,source-faithful-v3,age/sex/BMI,300.0,3000.0,3,mean_of_3_seed_specific_metrics,participant_resample_within_seed_then_mean_seed_metrics,8.758709781199494,0.08766764098077148,11.270376532313263,0.15434932053969896,-0.45344776759469313,1.1621080638849806,11.221737641126142,0.07676903330724104,0.25433406552217397,0.02049871931777194,0.5225572830191925,0.005751272304742438,0.827300920864318,0.028385003739168902,11.354404492801772,2.59824088326567,8.286614481649146,9.257265693443467,10.620163559384544,11.982205851122156,-1.415203290121245,0.5778266003421162,10.559574942417896,11.926897852444187,0.18876773937709487,0.31447576134798105,0.47089862545471084,0.5704691495732634,0.7379322277985606,0.923130551837463,5.408472785889755,17.067849563851237
PulseDB-Vital,anyppg,finetuned_demographics,sbp,source_consistent_filter_resample_zscore_adaptation,none,False,exact_dataset_overlap,source_consistent_adaptation,source-faithful-v3,age/sex/BMI,300.0,3000.0,3,mean_of_3_seed_specific_metrics,participant_resample_within_seed_then_mean_seed_metrics,14.124179937279763,0.1104860952377178,18.06246070243419,0.17856540030302825,-2.26059385641692,1.4993864657613913,17.878804275310667,0.13987644955745307,0.28916840985603776,0.014044996192960547,0.5563825568148972,0.008038471707827372,0.8788473560507715,0.0212231736287736,16.110179222059905,2.4327394982700756,13.416368396091414,14.861757833712517,17.179410225496273,18.98634190370003,-3.683374343070168,-0.800269343275777,17.001221789874382,18.749805239132872,0.2294359633806372,0.3433276308426683,0.5095031876900594,0.6006952614791552,0.7943449717270571,0.9635895448507142,6.868035136171307,25.37243664143416
PulseDB-Vital,anyppg,frozen,dbp,source_consistent_filter_resample_zscore_adaptation,none,False,exact_dataset_overlap,source_consistent_adaptation,source-faithful-v3,none,300.0,3000.0,1,single_deterministic_fit,participant_resample_within_seed,8.70264706263531,0.0,11.12051387578637,0.0,0.06893992014251839,0.0,11.120300182502627,0.0,0.27412328609353265,0.0,0.5247238652991355,0.0,0.9384607331239275,0.0,3.8537399303757787,0.0,8.254510420416368,9.197724879889545,10.516181165644388,11.756461345392697,-0.906103854260789,1.0237083904267754,10.508963916197551,11.750656864819907,0.21518441705809585,0.32523955232385277,0.4743283418973153,0.5717669527405206,0.8315798440191323,1.045302340359199,-2.71362760674137,10.662998326976947
PulseDB-Vital,anyppg,frozen,sbp,source_consistent_filter_resample_zscore_adaptation,none,False,exact_dataset_overlap,source_consistent_adaptation,source-faithful-v3,none,300.0,3000.0,1,single_deterministic_fit,participant_resample_within_seed,13.661650007046497,0.0,17.4667249172007,0.0,0.16598874057794932,0.0,17.46593619223319,0.0,0.3353277380527756,0.0,0.5792678005098182,0.0,0.9784079631073983,0.0,2.3536516494486235,0.0,13.007836873307626,14.408910295323606,16.646433471894515,18.341159740824754,-1.3072291586954763,1.6155743100557054,16.637040792566207,18.32580518594931,0.27745070273310424,0.3883605407654628,0.5321760529778753,0.6249963651511665,0.886849068590879,1.0750666820337966,-8.705010369436152,12.532428344512946
PulseDB-Vital,anyppg,frozen_demographics,dbp,source_consistent_filter_resample_zscore_adaptation,none,False,exact_dataset_overlap,source_consistent_adaptation,source-faithful-v3,age/sex/BMI,300.0,3000.0,1,single_deterministic_fit,participant_resample_within_seed,8.522719780854917,0.0,10.948645116814149,0.0,0.049996163171129135,0.0,10.948530964362591,0.0,0.29638691099146697,0.0,0.5448590282628736,0.0,0.9617421351176798,0.0,2.3879392051208166,0.0,8.059561860358224,9.030451571606726,10.327445611632475,11.626678506569567,-0.9391040206231454,1.0189912146695144,10.311718896553247,11.618566423102905,0.23280924043837484,0.34928491831464237,0.4920679537567447,0.5927186534915582,0.8532369538701257,1.0709254469199432,-4.503589873774163,9.119634878414308
PulseDB-Vital,anyppg,frozen_demographics,sbp,source_consistent_filter_resample_zscore_adaptation,none,False,exact_dataset_overlap,source_consistent_adaptation,source-faithful-v3,age/sex/BMI,300.0,3000.0,1,single_deterministic_fit,participant_resample_within_seed,13.5406224390846,0.0,17.340256119878664,0.0,0.13834203696563852,0.0,17.339704258833184,0.0,0.3449180854504168,0.0,0.5873756219857821,0.0,0.9880648980961437,0.0,1.2540713014646687,0.0,12.83948789660059,14.250063240130574,16.49470791262033,18.215726823949808,-1.2725733299477189,1.5213629712968648,16.476030502073677,18.19257177464511,0.28657359250683706,0.3981094070256622,0.5393417577741741,0.633013540987026,0.8950187979424505,1.0822181085575755,-9.396075188962989,11.619394596027856
PulseDB-Vital,demographics,demographics,dbp,none,none,False,not_applicable,not_applicable,source-faithful-v3,age/sex/BMI,300.0,3000.0,1,single_deterministic_fit,participant_resample_within_seed,10.168149503320265,0.0,13.05988641864643,0.0,0.005671517851282087,0.0,13.059885187161132,0.0,-0.0011334023155422646,0.0,0.030631589672678084,0.0,0.4022775616472932,0.0,38.05696161126522,0.0,9.643912477681344,10.701905048519954,12.352753264848667,13.742024667171153,-1.0825550494348533,1.026185189883717,12.340587744076279,13.73185988918506,-0.017858914494908187,0.011472359948798812,-0.06405690475423356,0.1212607625541671,-0.860751569264062,1.5822857696633044,-37.489980721661844,118.19827442574531
PulseDB-Vital,demographics,demographics,sbp,none,none,False,not_applicable,not_applicable,source-faithful-v3,age/sex/BMI,300.0,3000.0,1,single_deterministic_fit,participant_resample_within_seed,16.78510591697319,0.0,21.299277783954626,0.0,-0.009478273118641828,0.0,21.299275675017725,0.0,0.011641846752516338,0.0,0.10856194106795498,0.0,0.9005743008767149,0.0,11.59431926735432,0.0,16.058702148320943,17.574753280949647,20.41238239916408,22.25550969805224,-1.5376945211907507,1.4468952552597716,20.373985755389473,22.224394730656822,-0.011785971288140412,0.03053234836936965,0.023296062036943063,0.19074805005039097,0.18453399623337896,1.6205217897740287,-72.45783432744487,93.95760432256559
PulseDB-Vital,handcrafted_ppg,ppg_features,dbp,handcrafted_morphology_and_statistics_v1,none,False,not_applicable,not_applicable,source-faithful-v3,none,300.0,3000.0,1,single_deterministic_fit,participant_resample_within_seed,9.01068928946783,0.0,11.662421781989154,0.0,0.029610534545456146,0.0,11.662384191804822,0.0,0.20165494451712185,0.0,0.45104216739741343,0.0,0.9144852696586442,0.0,5.417967170153386,0.0,8.531237869613578,9.540148244067144,11.066519925349763,12.322800846344759,-0.9242215954962004,1.0013376542962196,11.051089220984752,12.305110205366857,0.14267863864737093,0.2524235712989606,0.3934361307272111,0.50406529615923,0.789009561119032,1.0368531330662052,-2.2414402875244233,13.464729548575384
PulseDB-Vital,handcrafted_ppg,ppg_features,sbp,handcrafted_morphology_and_statistics_v1,none,False,not_applicable,not_applicable,source-faithful-v3,none,300.0,3000.0,1,single_deterministic_fit,participant_resample_within_seed,14.416468458754201,0.0,18.484290651102054,0.0,0.10939168431552757,0.0,18.4839669533848,0.0,0.25562775464574683,0.0,0.5063275530975782,0.0,0.9498795679294995,0.0,5.73647715049676,0.0,13.767981729498755,15.114017488381709,17.665181036637346,19.34614976589215,-1.332600057971975,1.5486381314903381,17.656450395864834,19.343950750639852,0.19606187110348922,0.3057215767445985,0.45249431555172703,0.5554663007147379,0.8356015473439418,1.062744934934012,-7.028304463140242,18.46910606959271
PulseDB-Vital,handcrafted_ppg,ppg_features_demographics,dbp,handcrafted_morphology_and_statistics_v1,none,False,not_applicable,not_applicable,source-faithful-v3,age/sex/BMI,300.0,3000.0,1,single_deterministic_fit,participant_resample_within_seed,8.784387675799053,0.0,11.449234405324978,0.0,0.04682446774680196,0.0,11.449138654820171,0.0,0.23057543842072947,0.0,0.4822117945864468,0.0,0.9163062062183266,0.0,5.286194115424236,0.0,8.310383996434984,9.30239450333005,10.796868273824325,12.17138959873357,-0.8677705098168268,1.0461062233552105,10.779979191711595,12.153973736484787,0.17121209480216842,0.2847175099522875,0.42604027315933,0.5347744951162485,0.8058062865534139,1.028855299919347,-1.595130958311998,12.217315617507595
PulseDB-Vital,handcrafted_ppg,ppg_features_demographics,sbp,handcrafted_morphology_and_statistics_v1,none,False,not_applicable,not_applicable,source-faithful-v3,age/sex/BMI,300.0,3000.0,1,single_deterministic_fit,participant_resample_within_seed,14.355759897139283,0.0,18.456994997372536,0.0,0.11094481776209342,0.0,18.456661550249184,0.0,0.2578245525216494,0.0,0.5091394778871828,0.0,0.9321908941995588,0.0,7.798173289414174,0.0,13.654897071534718,15.083280417597303,17.51596073380021,19.427143392523487,-1.328403912702533,1.529646892449731,17.51348750904768,19.40742882148979,0.1906782613543283,0.31035570756233016,0.451390670700265,0.5580401207998542,0.8075710044984767,1.0436839661152375,-4.651558820547188,21.77450390250564
PulseDB-Vital,papagei_p,finetuned,dbp,official_ppgbp_notebook_equivalent,none,False,source_overlap,source_consistent_adaptation,source-faithful-v3,none,300.0,3000.0,3,mean_of_3_seed_specific_metrics,participant_resample_within_seed_then_mean_seed_metrics,9.562286648403912,0.029118742876456397,12.184608305803783,0.03149966690992258,0.29004295907197375,0.013907187415660152,12.181150353931278,0.031541610081627265,0.1285585122113143,0.0045073771390958485,0.36787377091234097,0.005271827521954864,0.8227439550182281,0.010573293516004915,11.047956471544504,0.6732458806604638,9.04409085463042,10.119645585826897,11.524257007107842,12.896594848162641,-0.7763866754158395,1.3809591637863978,11.508887103961124,12.882394161092442,0.07167786515903743,0.17851953003734397,0.3070398604392133,0.4259447363474334,0.6850041948998936,0.9627259596012426,2.435046796868378,19.68231530324911
PulseDB-Vital,papagei_p,finetuned,sbp,official_ppgbp_notebook_equivalent,none,False,source_overlap,source_consistent_adaptation,source-faithful-v3,none,300.0,3000.0,3,mean_of_3_seed_specific_metrics,participant_resample_within_seed_then_mean_seed_metrics,15.284595984428634,0.04589550175659611,19.41632796215019,0.023802304573709146,2.5041566239164146,0.5345302500847143,19.24917535768141,0.056592758369808975,0.17866708563062383,0.002014284353175296,0.4514072107096583,0.002849883352807024,0.8120275385957513,0.01746475165254645,19.865435052772707,2.441436774467797,14.549227486741787,16.09330478508796,18.53452583889979,20.345291494953024,0.9925890302869544,4.092999642014129,18.362051762524686,20.107385745262786,0.10967312226141047,0.23765942159722134,0.40187269278440946,0.5026790943794345,0.7102601869009987,0.9120938589248778,8.178657928146388,31.689803163431932
PulseDB-Vital,papagei_p,finetuned_demographics,dbp,official_ppgbp_notebook_equivalent,none,False,source_overlap,source_consistent_adaptation,source-faithful-v3,age/sex/BMI,300.0,3000.0,3,mean_of_3_seed_specific_metrics,participant_resample_within_seed_then_mean_seed_metrics,9.458432911564751,0.017966316033519607,12.116864278299659,0.038598125593064164,0.6507717544053072,0.12171811240164292,12.098953158258977,0.044914601179617715,0.13821967136938806,0.0054946021628342325,0.39495472489378675,0.004767020754061807,0.7624317821305279,0.017604620262497716,14.629267638573468,1.22436740843948,8.914419273280789,9.991636459303798,11.430972280149218,12.807108412588844,-0.4470545761286252,1.7199704867427994,11.389822229815243,12.778978300030317,0.06964210869233457,0.19929680171008227,0.3357033475848003,0.4543041751571556,0.6409435276101192,0.8838029696904894,6.792994465969258,22.43438461020363
PulseDB-Vital,papagei_p,finetuned_demographics,sbp,official_ppgbp_notebook_equivalent,none,False,source_overlap,source_consistent_adaptation,source-faithful-v3,age/sex/BMI,300.0,3000.0,3,mean_of_3_seed_specific_metrics,participant_resample_within_seed_then_mean_seed_metrics,15.175017150194241,0.036615990276720745,19.31493122814395,0.041313913657223963,2.826702150360859,0.20601750629517662,19.106179458848263,0.06788451666136347,0.18722141764984676,0.003475467510822704,0.4725100490436622,0.003461763450983897,0.7764626135243495,0.013193694941162777,23.851560556365715,1.7316046433856784,14.43653542924102,15.959163072506975,18.39908809153813,20.267433647944806,1.307134707660534,4.360599693871096,18.211527333851706,20.023737384611284,0.10881670082833751,0.25564580313128005,0.4195245209298786,0.5240655879258246,0.682528427324792,0.8740817101909332,12.467634850327073,34.598565756172405
PulseDB-Vital,papagei_p,frozen,dbp,official_ppgbp_notebook_equivalent,none,False,source_overlap,source_consistent_adaptation,source-faithful-v3,none,300.0,3000.0,1,single_deterministic_fit,participant_resample_within_seed,9.689680553779336,0.0,12.323099109815415,0.0,0.05772090567579874,0.0,12.32296392786173,0.0,0.10864021878399,0.0,0.3446198761002033,0.0,0.7741936019373286,0.0,14.333258281703134,0.0,9.170967374477057,10.199580841710954,11.651450271974271,13.030731649120735,-1.0830093183723573,1.1031751696994228,11.646791106422018,13.02093349366113,0.053760463273823465,0.15567638570601638,0.28610894021423705,0.3994240085708164,0.6364352062150136,0.9142493179982228,5.454899770018365,23.00907249943647
PulseDB-Vital,papagei_p,frozen,sbp,official_ppgbp_notebook_equivalent,none,False,source_overlap,source_consistent_adaptation,source-faithful-v3,none,300.0,3000.0,1,single_deterministic_fit,participant_resample_within_seed,15.032097746049786,0.0,19.183232077944606,0.0,0.1585445369483607,0.0,19.18257690160753,0.0,0.198269961260499,0.0,0.44933420838145666,0.0,0.882538942053763,0.0,13.547468803267463,0.0,14.359839638978869,15.774538248392298,18.337947917178912,20.059086282273967,-1.358849139383542,1.617167403002188,18.318553019442668,20.044117260514795,0.1426392721570815,0.25028053893709357,0.39754750058306587,0.5018108159638274,0.7716901414481195,0.999485272669786,0.20243316648325413,26.342760263669778
PulseDB-Vital,papagei_p,frozen_demographics,dbp,official_ppgbp_notebook_equivalent,none,False,source_overlap,source_consistent_adaptation,source-faithful-v3,age/sex/BMI,300.0,3000.0,1,single_deterministic_fit,participant_resample_within_seed,9.49231566943493,0.0,12.151172391908531,0.0,0.04799237265548717,0.0,12.151077615999618,0.0,0.13333847535506926,0.0,0.37378104406974777,0.0,0.8241551606449465,0.0,11.157151304787288,0.0,9.003345776999229,9.988203707119956,11.50487698973715,12.813551121786363,-0.8989815726939234,1.0689945539515786,11.486644384820593,12.808805430387345,0.08124038120306139,0.18250632907847716,0.3199908721424341,0.42905479874276764,0.6951882275113278,0.9601856749677676,2.347452381624163,19.377517816535182
PulseDB-Vital,papagei_p,frozen_demographics,sbp,official_ppgbp_notebook_equivalent,none,False,source_overlap,source_consistent_adaptation,source-faithful-v3,age/sex/BMI,300.0,3000.0,1,single_deterministic_fit,participant_resample_within_seed,14.950651184598119,0.0,19.08495349107818,0.0,0.14562020512731902,0.0,19.084397934241363,0.0,0.20646368596780384,0.0,0.4578469247917983,0.0,0.8913606794686837,0.0,12.529619372444904,0.0,14.243414305348484,15.669399535151069,18.17877523784124,19.965309889839286,-1.4394783785032654,1.5262558048743864,18.170116128735135,19.947650683033597,0.14922022877831423,0.2587267102155639,0.40456601882246995,0.5109009584482394,0.7801950418309285,1.0107473422119881,-0.9776697007523656,25.052682232124454
PulseDB-Vital,papagei_s,finetuned,dbp,official_ppgbp_notebook_equivalent,none,False,source_overlap,source_consistent_adaptation,source-faithful-v3,none,300.0,3000.0,3,mean_of_3_seed_specific_metrics,participant_resample_within_seed_then_mean_seed_metrics,10.190698745566394,0.0058746218145404976,12.787201837131946,0.022322588329293045,2.1550850354053073,0.1251592076508043,12.60384434442426,0.04128018363503703,0.04023463243954269,0.0033519120491944474,0.26199689138242116,0.011445464949017567,0.8848143299278148,0.016729299224722993,5.426120932578589,1.2077249918323532,9.66343344139233,10.727793514301302,12.132884835488985,13.433441004126301,1.0487508830665924,3.273511641188607,11.942645359133339,13.259771104909854,-0.014761769002156025,0.08666126130926947,0.19906986468199955,0.327019782532597,0.6652144333880344,1.1204566245072427,-9.91188122223916,19.84539555680764
PulseDB-Vital,papagei_s,finetuned,sbp,official_ppgbp_notebook_equivalent,none,False,source_overlap,source_consistent_adaptation,source-faithful-v3,none,300.0,3000.0,3,mean_of_3_seed_specific_metrics,participant_resample_within_seed_then_mean_seed_metrics,16.173220006881785,0.014002052087732685,20.438285552218705,0.030669482817322385,1.7215197829164144,0.3400554371765412,20.363775618895577,0.00978050729783899,0.08993131434307722,0.0027317485964662514,0.31145746835512234,0.0015666404968533423,0.9379702200187493,0.016796017486709627,5.609814319887323,2.2920974614085843,15.401292192835713,16.96065788856852,19.575776450309252,21.32627199009381,0.10975344920894838,3.256498020372871,19.470181842974206,21.238792034843435,0.04228006281531066,0.13150959500573178,0.25383430721682554,0.3694569929095092,0.7604252834562939,1.1228196525299312,-15.28168210690396,25.996956851415096
PulseDB-Vital,papagei_s,finetuned_demographics,dbp,official_ppgbp_notebook_equivalent,none,False,source_overlap,source_consistent_adaptation,source-faithful-v3,age/sex/BMI,300.0,3000.0,3,mean_of_3_seed_specific_metrics,participant_resample_within_seed_then_mean_seed_metrics,10.087858802025888,0.04164471978744574,12.76715359276807,0.029066275321805512,2.543563837738641,0.374895392069517,12.507418873698077,0.05242868657784931,0.04324042176834101,0.00435916411784691,0.28868479427576443,0.010594842451147063,0.8870749503810602,0.05690292172911574,4.92115307997707,4.065275149676656,9.578056596300934,10.632450910532828,12.14312384731871,13.463497846985943,1.5098057936809126,3.5904854804930832,11.83691185277069,13.183745856180547,-0.01917812805504737,0.0965457253406586,0.22340849300511223,0.35409210529086055,0.6840260459293398,1.0945633856078016,-8.688492946190294,18.252206781710175
PulseDB-Vital,papagei_s,finetuned_demographics,sbp,official_ppgbp_notebook_equivalent,none,False,source_overlap,source_consistent_adaptation,source-faithful-v3,age/sex/BMI,300.0,3000.0,3,mean_of_3_seed_specific_metrics,participant_resample_within_seed_then_mean_seed_metrics,15.84132704791339,0.042483169429928476,20.0101626059262,0.042699588432480486,1.412810812694192,0.4519315902880304,19.956841446704637,0.01264847431342044,0.12765726619871542,0.003725143746226007,0.36399423522005253,0.0016655861615128334,0.9726905063736383,0.029198939117708815,1.799422630718486,3.8839735065867997,15.094219834027225,16.597060238557038,19.11749952680954,20.885694002401557,-0.12099884654406427,2.9155024793574373,19.06214405057692,20.820931095800205,0.07781838510807669,0.1717783900316133,0.305070172283656,0.421641117599445,0.805620158311441,1.148969548203682,-18.641695040886727,21.44865187600329
PulseDB-Vital,papagei_s,frozen,dbp,official_ppgbp_notebook_equivalent,none,False,source_overlap,source_consistent_adaptation,source-faithful-v3,none,300.0,3000.0,1,single_deterministic_fit,participant_resample_within_seed,9.738178021867899,0.0,12.366458087934607,0.0,-0.050183885673543926,0.0,12.366356262790667,0.0,0.10235666276764399,0.0,0.33254969654640626,0.0,0.7857940874434636,0.0,13.67873295200113,0.0,9.243845045221834,10.244111443685636,11.710442256339915,13.028589663209932,-1.1548384538688778,1.0108771273394643,11.700384710373987,13.018174880139227,0.04741988271300654,0.15438453260333732,0.2719848819995589,0.39600166968984946,0.6350916325457769,0.9489824938020553,3.828626897184548,23.03768524991236
PulseDB-Vital,papagei_s,frozen,sbp,official_ppgbp_notebook_equivalent,none,False,source_overlap,source_consistent_adaptation,source-faithful-v3,none,300.0,3000.0,1,single_deterministic_fit,participant_resample_within_seed,15.820224959634105,0.0,19.979193446090456,0.0,0.0011050850799910888,0.0,19.97919341552834,0.0,0.13035801673728498,0.0,0.36445944079558196,0.0,0.8799428895905587,0.0,13.988928453687947,0.0,15.081720890981256,16.55906167421625,19.08501794965809,20.82428674755556,-1.5750893806001207,1.5359939618478955,19.067229476467013,20.813904453579287,0.08008284817610534,0.17423694715934868,0.30625211701985705,0.41901513159732884,0.7305778124456732,1.029980349138342,-3.1982322746136465,30.78763635260788
PulseDB-Vital,papagei_s,frozen_demographics,dbp,official_ppgbp_notebook_equivalent,none,False,source_overlap,source_consistent_adaptation,source-faithful-v3,age/sex/BMI,300.0,3000.0,1,single_deterministic_fit,participant_resample_within_seed,9.557170040640681,0.0,12.195982122805166,0.0,-0.06670570326243513,0.0,12.195799698623107,0.0,0.1269347352250304,0.0,0.3634244961091597,0.0,0.8355464142588328,0.0,10.527116075442107,0.0,9.06494019967559,10.083132795125444,11.546807985462793,12.884652926815193,-1.1192993652426906,1.0112506240944499,11.525180136988093,12.876544677584198,0.06598887070781422,0.17489070532304665,0.2976086677534172,0.4214836702192576,0.6766815891360725,0.9842097951249825,1.5505053687552937,20.1800321870005
PulseDB-Vital,papagei_s,frozen_demographics,sbp,official_ppgbp_notebook_equivalent,none,False,source_overlap,source_consistent_adaptation,source-faithful-v3,age/sex/BMI,300.0,3000.0,1,single_deterministic_fit,participant_resample_within_seed,15.683370184306046,0.0,19.80598273942916,0.0,-0.029339137013532218,0.0,19.805961008989318,0.0,0.1453714705810636,0.0,0.38322407415293547,0.0,0.9085656461015736,0.0,10.681232028361062,0.0,14.996339797937353,16.441533547822335,18.97002382750698,20.718430054492128,-1.647118225349256,1.5287504309406021,18.949364767367104,20.70826353971766,0.09381808753025497,0.18824025077239295,0.32573912310396974,0.43670521156311654,0.7610911641757265,1.0574426020488414,-6.0863449298015375,27.624201600483165
PulseDB-Vital,pulseppg,finetuned,dbp,official_ppgbp_script_equivalent,none,False,none,source_consistent_adaptation,source-faithful-v3,none,300.0,3000.0,3,mean_of_3_seed_specific_metrics,participant_resample_within_seed_then_mean_seed_metrics,9.236400832169112,0.04150444176203188,11.874675175740535,0.06741616966795308,-0.16008566392802634,0.29531488325763217,11.87115084088419,0.06652287915406435,0.17231332980573477,0.00938888999025401,0.4338724729541952,0.008907398956239364,0.777497579850933,0.015982589208456563,14.289269822638024,1.2230977226813051,8.69334723994427,9.761920095975114,11.124806952084388,12.613826023422456,-1.2492356486469514,0.9144819491677035,11.110392317766067,12.584409449576624,0.10046746276544527,0.2380974512101499,0.37447008749333477,0.4942845286712969,0.6544888878536886,0.9045865656105477,6.402729751471399,21.86488247685562
PulseDB-Vital,pulseppg,finetuned,sbp,official_ppgbp_script_equivalent,none,False,none,source_consistent_adaptation,source-faithful-v3,none,300.0,3000.0,3,mean_of_3_seed_specific_metrics,participant_resample_within_seed_then_mean_seed_metrics,14.123863330840022,0.03661810168449395,18.18970910209174,0.08598707007063401,0.9596996384719697,0.6436656468511046,18.156743023222756,0.09409159481424607,0.2791538697395913,0.006819526045412297,0.5403606458748965,0.005254403402033335,0.8427438430710085,0.014195711531372845,17.516600772748486,1.6830382576622702,13.34507215172753,14.903650065361887,17.18327942291858,19.184091983684723,-0.6581271445574866,2.481616180106707,17.15841829576263,19.144157192300153,0.20308077883646472,0.34687679321777953,0.4855102138949772,0.5932564309623404,0.7429380197183503,0.9366588698644034,6.765298524739143,28.77319112280509
PulseDB-Vital,pulseppg,finetuned_demographics,dbp,official_ppgbp_script_equivalent,none,False,none,source_consistent_adaptation,source-faithful-v3,age/sex/BMI,300.0,3000.0,3,mean_of_3_seed_specific_metrics,participant_resample_within_seed_then_mean_seed_metrics,9.245834182555546,0.051832381155236494,11.884416924401435,0.1026628219583954,-0.11350867031691518,0.1857508337951948,11.882908043308333,0.10248441987588293,0.1709313084258853,0.014342543760282713,0.433385114245088,0.012561119135142887,0.7704926151741954,0.023219132788450374,14.699601697516542,1.5540218491615112,8.722509168911087,9.78738003271828,11.154741855330727,12.641324821804211,-1.1936481248750168,0.9522342721579935,11.139820638782886,12.623041702618307,0.0970047128707529,0.23412593280967445,0.3727339477536353,0.4910819555416649,0.6501052452848032,0.890777450681542,7.063309992512919,22.174496134266754
PulseDB-Vital,pulseppg,finetuned_demographics,sbp,official_ppgbp_script_equivalent,none,False,none,source_consistent_adaptation,source-faithful-v3,age/sex/BMI,300.0,3000.0,3,mean_of_3_seed_specific_metrics,participant_resample_within_seed_then_mean_seed_metrics,14.068528120555667,0.050576695228378106,18.098526056031062,0.09322463313082781,1.0475833471386362,0.8424242805795898,18.05503876262445,0.10581531720399465,0.28636081177034667,0.007362325330452296,0.5483835718402249,0.004222123137751502,0.8417550579021497,0.025739176448868136,17.559489051883915,3.041294911971911,13.353751595764205,14.84258004385645,17.13910377821006,19.104270055477045,-0.3849091474491021,2.631898095796639,17.097649873666487,19.014083679534068,0.20741738888870712,0.3510512678159232,0.4927851054401298,0.5971507923273066,0.7468056164816129,0.9287289289435234,7.588387442700692,28.399718000247326
PulseDB-Vital,pulseppg,frozen,dbp,official_ppgbp_script_equivalent,none,False,none,source_consistent_adaptation,source-faithful-v3,none,300.0,3000.0,1,single_deterministic_fit,participant_resample_within_seed,9.318595886050975,0.0,11.968590711220434,0.0,0.04694805793223311,0.0,11.968498631514667,0.0,0.1591874541509608,0.0,0.4069709914725629,0.0,0.8354514042743963,0.0,10.438207187569212,0.0,8.7877362122514,9.853684382272487,11.273143484627761,12.72406296435912,-1.010425541981289,1.1078844752056822,11.253413432481512,12.716415175717346,0.09280130974427536,0.21737121701374754,0.34264873294179965,0.4686573170791438,0.6900720365873871,0.983671236662378,1.3040659397705814,19.394372175217686
PulseDB-Vital,pulseppg,frozen,sbp,official_ppgbp_script_equivalent,none,False,none,source_consistent_adaptation,source-faithful-v3,none,300.0,3000.0,1,single_deterministic_fit,participant_resample_within_seed,14.306106943475577,0.0,18.381161900869284,0.0,0.09838159321783517,0.0,18.380898614814356,0.0,0.26391068325784717,0.0,0.5144722189896176,0.0,0.9494622717058864,0.0,5.795602763106246,0.0,13.604994540091084,15.016818562128893,17.480121001274085,19.263091315911616,-1.4572647359270214,1.5370570520377946,17.46334628608822,19.241941944156263,0.20632551022047368,0.31922641882380987,0.4624185473732123,0.5661196019529554,0.8384021181118466,1.0650587271533365,-7.557986587503226,18.333232297367168
PulseDB-Vital,pulseppg,frozen_demographics,dbp,official_ppgbp_script_equivalent,none,False,none,source_consistent_adaptation,source-faithful-v3,age/sex/BMI,300.0,3000.0,1,single_deterministic_fit,participant_resample_within_seed,9.12181500265017,0.0,11.786160726862,0.0,0.03591588929346362,0.0,11.786106003609525,0.0,0.18462410115771632,0.0,0.434413864782129,0.0,0.8717604041198971,0.0,8.134188927366788,0.0,8.606121479147156,9.675093727047052,11.08033361005236,12.506032175081625,-1.0103950840510951,1.086498328055343,11.065777353920083,12.491063353676502,0.11720663698751035,0.24422130158054153,0.3718201943557265,0.4953887153682659,0.7320161233735535,1.018219981665534,-0.8265017145862826,16.882770990085284
PulseDB-Vital,pulseppg,frozen_demographics,sbp,official_ppgbp_script_equivalent,none,False,none,source_consistent_adaptation,source-faithful-v3,age/sex/BMI,300.0,3000.0,1,single_deterministic_fit,participant_resample_within_seed,14.205476874381691,0.0,18.27191592474291,0.0,0.07563580957610437,0.0,18.27175937848305,0.0,0.27263437864408624,0.0,0.5226623578292916,0.0,0.9578456465294095,0.0,4.839675008882412,0.0,13.50988759879669,14.968206892732864,17.39644908066871,19.223533035409073,-1.321606867794293,1.4371998822985892,17.384199581429773,19.194503724297345,0.21155019600737618,0.32373999637906076,0.468200528996446,0.570743582696402,0.8458923280480356,1.0674449844170801,-7.682135430829245,17.47919543083595
