dataset,model,condition,target,preprocessing_policy,padding_policy,padding_required,pretraining_overlap,source_fidelity,contract_version,demographic_fields,seed,n_subjects,n_measurements,mae,rmse,bias,error_std,r2,pearson,calibration_slope,calibration_intercept,mae_ci_low,mae_ci_high,rmse_ci_low,rmse_ci_high,bias_ci_low,bias_ci_high,error_std_ci_low,error_std_ci_high,r2_ci_low,r2_ci_high,pearson_ci_low,pearson_ci_high,calibration_slope_ci_low,calibration_slope_ci_high,calibration_intercept_ci_low,calibration_intercept_ci_high,n_seeds,aggregation_mode,bootstrap_mode
BUT PPG,anyppg,finetuned,dbp,source_consistent_filter_resample_zscore_adaptation,none,False,none,source_consistent_adaptation,source-faithful-v3,none,17,38.0,66.0,6.86941076980797,8.408067282300667,-0.9915759882707929,8.349393539843462,-0.14026427549024856,-0.16756096129974404,-0.751634058164443,132.33279050334573,5.619282119012681,8.323025745294487,6.876858021637531,9.951392295150116,-3.545984927659168,1.4532969545165493,6.793521208439225,9.796494284072352,-0.40953875558997394,-0.01732760003955423,-0.4284099451206027,0.10833760100622394,-1.926934542432059,0.5311966160593952,36.34158087102947,219.93585937047143,1,single_neural_seed,participant_resample_within_seed
BUT PPG,anyppg,finetuned,dbp,source_consistent_filter_resample_zscore_adaptation,none,False,none,source_consistent_adaptation,source-faithful-v3,none,23,38.0,66.0,6.594700537788162,8.035736263424939,0.95710854170223,7.978533733382546,-0.041512557490431146,-0.05239945751282332,-0.4391998143542133,109.76167410542759,5.319305117163526,7.909275692517553,6.523402912166234,9.467029050356988,-1.259690871506392,3.255420822522465,6.390214415011034,9.287909040536078,-0.20831657527524547,0.010382001461067415,-0.31246408052212704,0.20819300905658414,-2.4663564801914344,1.9703113114211643,-76.57872998540836,265.8867766944971,1,single_neural_seed,participant_resample_within_seed
BUT PPG,anyppg,finetuned,dbp,source_consistent_filter_resample_zscore_adaptation,none,False,none,source_consistent_adaptation,source-faithful-v3,none,42,38.0,66.0,6.587861867438629,8.042385706149286,1.5230576107150895,7.8968514840357225,-0.04323694047950877,0.03841413955992621,0.3101916576624348,51.93484140155769,5.343225271608185,7.901096451549164,6.571902969006286,9.422819641261174,-0.7607125926472419,3.806992255750434,6.33086653879878,9.259074712546528,-0.2608584556235152,0.03488206375395094,-0.2724280757434847,0.3531811628746101,-1.8043589802727624,3.3032177509427867,-179.92074101039424,216.40304692072516,1,single_neural_seed,participant_resample_within_seed
BUT PPG,anyppg,finetuned,sbp,source_consistent_filter_resample_zscore_adaptation,none,False,none,source_consistent_adaptation,source-faithful-v3,none,17,38.0,66.0,12.50880120692878,14.963827638704071,1.0362674603556168,14.927902979033995,-0.05092487233150966,-0.1546782212200279,-1.4120959857321251,294.5329713873663,10.124588249775913,14.80164855772606,12.457366507060286,17.312338658584984,-3.1012743013009985,5.324721746692678,12.230290667654085,17.0399571614976,-0.22314780219501337,0.006791729502477013,-0.4630345353083956,0.14450680570358954,-3.9989389464885416,1.3623397279224174,-44.945400647024094,612.267496552637,1,single_neural_seed,participant_resample_within_seed
BUT PPG,anyppg,finetuned,sbp,source_consistent_filter_resample_zscore_adaptation,none,False,none,source_consistent_adaptation,source-faithful-v3,none,23,38.0,66.0,13.189805632882578,15.770860898174972,1.4489692627965238,15.704156823753866,-0.1673392245839811,-0.22852028417910708,-0.9960895801238734,243.968187169642,10.87132331047155,15.665146434466624,13.226033546095733,18.14340132573298,-3.402121809503783,6.300533129157302,13.032310877630586,17.884600756498706,-0.43383494148486756,-0.055599511472959544,-0.45710712661090647,0.014365336844688412,-1.995338842435638,0.06858578358065513,115.04952399595626,366.93268854782,1,single_neural_seed,participant_resample_within_seed
BUT PPG,anyppg,finetuned,sbp,source_consistent_filter_resample_zscore_adaptation,none,False,none,source_consistent_adaptation,source-faithful-v3,none,42,38.0,66.0,12.377696785073917,15.054034082977111,0.7970506714616534,15.032918958025386,-0.06363364447780984,-0.10570253742605358,-0.651281342383593,201.14978733086383,10.142027790257918,14.684145104511948,12.602212707070619,17.30241451763911,-3.4000896980416733,5.406604149027239,12.421444233079127,17.116130955230453,-0.2641893898595645,0.015014231026304763,-0.37419283005105825,0.1596311944246807,-2.1171111274106633,1.0763903005338824,-9.000948159815763,382.24148888510666,1,single_neural_seed,participant_resample_within_seed
BUT PPG,anyppg,finetuned_demographics,dbp,source_consistent_filter_resample_zscore_adaptation,none,False,none,source_consistent_adaptation,source-faithful-v3,age/sex/BMI,17,38.0,66.0,6.6440054145027485,8.093386940650737,-0.23593325414351884,8.08994732187331,-0.056510384298172456,-0.16731148288153247,-1.3732628111629446,179.98152100004748,5.413168524747746,8.00130632102237,6.631009407700181,9.501067839421829,-2.722005352059663,2.1400289087994104,6.547366672419796,9.398824448412356,-0.22370383047420914,0.004071104861294273,-0.44399219842285115,0.13329989148717525,-3.7413546525812995,1.1019444794908733,-10.205887269366203,360.49973817719444,1,single_neural_seed,participant_resample_within_seed
BUT PPG,anyppg,finetuned_demographics,dbp,source_consistent_filter_resample_zscore_adaptation,none,False,none,source_consistent_adaptation,source-faithful-v3,age/sex/BMI,23,38.0,66.0,6.50338887808624,7.806549843813628,0.0685318725820967,7.806249025389016,0.017049981011997728,0.13088072580578777,0.9848922543055116,1.080294590046864,5.304620599335317,7.716473430191825,6.3600256778598885,9.182024951594387,-2.1693896457807575,2.271964555272553,6.245419153307765,9.070192946820816,-0.11469337371972631,0.065230930984048,-0.1398077502376592,0.37189270129238816,-0.9438097149258008,3.1630629568123108,-165.21470308148878,147.5446676063841,1,single_neural_seed,participant_resample_within_seed
BUT PPG,anyppg,finetuned_demographics,dbp,source_consistent_filter_resample_zscore_adaptation,none,False,none,source_consistent_adaptation,source-faithful-v3,age/sex/BMI,42,38.0,66.0,6.333266140308301,7.63620625725811,0.0381592156023057,7.636110913131928,0.05947907526341589,0.2692343202035882,1.733813043120542,-55.816641353331946,5.2111463468157355,7.5706432340058845,6.27780860685946,8.973118736560778,-2.2803323793370853,2.2534656142378964,6.203371004808387,8.884348074460371,-0.08698062610289362,0.1099928932097911,0.016709199348553527,0.48656844250800535,0.09600473892775478,3.512279597847521,-190.77598823207188,69.23414490907668,1,single_neural_seed,participant_resample_within_seed
BUT PPG,anyppg,finetuned_demographics,sbp,source_consistent_filter_resample_zscore_adaptation,none,False,none,source_consistent_adaptation,source-faithful-v3,age/sex/BMI,17,38.0,66.0,13.009911585386284,15.691295752887433,0.24507091036832213,15.689381844211532,-0.15559031326797523,-0.06771766024459293,-0.2038767696738856,146.32099178092403,10.698114375546455,15.443925251405275,13.324334791502125,18.04881030353093,-4.541979769420077,4.9769484778030675,13.114210921364577,17.906493175188107,-0.45648031956893637,0.016181774119507563,-0.3057373912257177,0.20142959355296577,-0.8871297789722596,0.7216789540656494,35.83521335672064,230.9399551418886,1,single_neural_seed,participant_resample_within_seed
BUT PPG,anyppg,finetuned_demographics,sbp,source_consistent_filter_resample_zscore_adaptation,none,False,none,source_consistent_adaptation,source-faithful-v3,age/sex/BMI,23,38.0,66.0,11.860260302858688,14.087321057783127,1.360911358570524,14.021431269994288,0.06858527089084454,0.3129842672503052,1.850071680754544,-105.8014927761857,9.800782350891474,13.9625151184401,11.55063569958936,16.357302843215624,-2.7501516602764378,5.368509026051965,11.374050034135609,16.152081178226755,-0.0959719679585766,0.1586693311369852,0.024884489714741578,0.5679672807972203,0.15427333027573095,3.386494607496249,-294.9259082775378,102.89505675210951,1,single_neural_seed,participant_resample_within_seed
BUT PPG,anyppg,finetuned_demographics,sbp,source_consistent_filter_resample_zscore_adaptation,none,False,none,source_consistent_adaptation,source-faithful-v3,age/sex/BMI,42,38.0,66.0,12.09363030756418,14.703529427635225,-1.7972492155320188,14.593274919859647,-0.014680855914868562,0.07699206743933444,0.510536951228894,60.38732256078561,9.940205871258794,14.364249223522604,12.231167633928992,17.076503297919036,-6.133630275241449,2.5376926264685142,12.013652837384582,16.778408596894966,-0.22143171880792598,0.07003827596748156,-0.21308547466568184,0.361598721515007,-1.4018117081857608,2.443836884859275,-172.09688217396047,288.4613267763254,1,single_neural_seed,participant_resample_within_seed
BUT PPG,anyppg,frozen,dbp,source_consistent_filter_resample_zscore_adaptation,none,False,none,source_consistent_adaptation,source-faithful-v3,none,20260715,38.0,66.0,7.214152010236503,8.728307918837166,-0.851532513547523,8.686670910331934,-0.22877758193612419,-0.20889022713662678,-0.6923437713371188,127.98403802737171,5.874903596059571,8.643168842760984,7.161235508083925,10.205141644660774,-3.4026507281439096,1.6879656940727081,7.100756424778454,10.071797088021397,-0.4869725531381383,-0.10975856919275663,-0.4507994308534096,-0.0018727886341337657,-1.8164939547730823,-0.007539975956156757,76.84114224445334,213.1457413730877,1,single_deterministic_fit,participant_resample_within_seed
BUT PPG,anyppg,frozen,sbp,source_consistent_filter_resample_zscore_adaptation,none,False,none,source_consistent_adaptation,source-faithful-v3,none,20260715,38.0,66.0,13.993995060549077,16.51387053450798,-0.4742255369542992,16.50706000990459,-0.2799235424144577,-0.20147051916413994,-0.5538921501030926,188.53522643522828,11.687140174100216,16.3012058709338,14.22288249435302,18.64074445604982,-5.3552282311539,4.498612624598227,14.011483838826775,18.48528391119354,-0.5967221770517557,-0.13296167968616873,-0.404204562519511,-0.01099714671572582,-1.2229171490026887,-0.030839577586947716,125.83505965526317,268.63722503309685,1,single_deterministic_fit,participant_resample_within_seed
BUT PPG,anyppg,frozen_demographics,dbp,source_consistent_filter_resample_zscore_adaptation,none,False,none,source_consistent_adaptation,source-faithful-v3,age/sex/BMI,20260715,38.0,66.0,7.050586948635841,9.167623948822232,-0.4375116494034796,9.157178191105336,-0.35558496189948685,0.03644330145757677,0.05772960488815589,71.61301081380917,5.545382710969411,8.902343343045967,6.878200100986499,11.712500004276286,-2.9622653999807267,2.163614930618716,6.714172232558759,11.573209853767926,-1.4291556506345906,0.10429739621570214,-0.2059063466388556,0.36856796138554704,-0.25035137969045607,0.9079452616979485,7.224518899796272,95.3541738362289,1,single_deterministic_fit,participant_resample_within_seed
BUT PPG,anyppg,frozen_demographics,sbp,source_consistent_filter_resample_zscore_adaptation,none,False,none,source_consistent_adaptation,source-faithful-v3,age/sex/BMI,20260715,38.0,66.0,12.51169294333256,15.644034367573846,-0.7371625944348393,15.62665679546325,-0.1486396380121784,0.41477248361433194,0.42375673296601657,70.32593455731147,10.235724973489548,14.92802309496459,12.735330352609504,18.49894693361428,-4.824525847721968,3.7317848737856347,12.428419322964961,18.3344948311954,-0.9785630778458336,0.30222770865849186,0.17585197925955806,0.6227191234663041,0.16935869411309037,0.7676796416219395,30.202694117661366,101.15945181952384,1,single_deterministic_fit,participant_resample_within_seed
BUT PPG,demographics,demographics,dbp,none,none,False,not_applicable,not_applicable,source-faithful-v3,age/sex/BMI,20260715,38.0,66.0,6.353723344380746,7.8807719742334745,-0.1868749935581662,7.878556000095856,-0.0017300101404413848,0.16220555568664516,0.49457649360363815,38.491309846590305,5.016546266626816,7.7131389114692075,6.362696976318681,9.331902409014534,-2.400513817629876,2.099556400620358,6.294901380076099,9.202215918308909,-0.2136264707634632,0.11776533007134612,-0.0517574431308399,0.36888782792499664,-0.1612523454161746,1.2023018810967967,-15.595561535005851,89.65970289948176,1,single_deterministic_fit,participant_resample_within_seed
BUT PPG,demographics,demographics,sbp,none,none,False,not_applicable,not_applicable,source-faithful-v3,age/sex/BMI,20260715,38.0,66.0,8.3810729419942,10.598641502724389,-0.18664363154222663,10.596997964427315,0.4727863070803022,0.6881868573292189,0.964241036003,4.524683574277159,6.75066222238518,10.15132331450117,8.830428627757831,12.415948080614726,-3.061892955729051,2.810354726291131,8.726944935190845,12.261183563566624,0.16711492148275914,0.6282547459033557,0.5083444886266865,0.8111554380468041,0.6483147007592045,1.253996125452894,-30.509546313723426,41.97002674780691,1,single_deterministic_fit,participant_resample_within_seed
BUT PPG,handcrafted_ppg,ppg_features,dbp,handcrafted_morphology_and_statistics_v1,none,False,not_applicable,not_applicable,source-faithful-v3,none,20260715,38.0,66.0,6.599834417072999,8.03767173399658,0.12393167130070348,8.036716235150784,-0.04201433096871465,-0.1488423928673007,-1.4314113774908217,184.90067738369976,5.326187610876759,7.94542654558404,6.467568893946022,9.54031896430034,-2.1481070086686413,2.4407869309621364,6.383363585427187,9.415740472143147,-0.18306044228641793,-0.005267028731388088,-0.3909434938431633,0.078043981299151,-4.010113353035983,0.7499654694624505,17.798131192020787,381.1882162806421,1,single_deterministic_fit,participant_resample_within_seed
BUT PPG,handcrafted_ppg,ppg_features,sbp,handcrafted_morphology_and_statistics_v1,none,False,not_applicable,not_applicable,source-faithful-v3,none,20260715,38.0,66.0,12.13233159976643,14.466611799011808,0.6549525361774918,14.45177823379055,0.01775476269428866,0.16943135888750588,0.6418406444265302,43.09598654428762,10.099966437846927,14.34933210843023,12.257577433314026,16.69803573593739,-3.4898992925490777,4.667695880334775,12.10444379987506,16.604813753483466,-0.18625167865626746,0.10961856505147397,-0.053637712375515186,0.38486753033058746,-0.18280968072642348,1.7390728927936403,-91.32170741640725,143.38265631023785,1,single_deterministic_fit,participant_resample_within_seed
BUT PPG,handcrafted_ppg,ppg_features_demographics,dbp,handcrafted_morphology_and_statistics_v1,none,False,not_applicable,not_applicable,source-faithful-v3,age/sex/BMI,20260715,38.0,66.0,6.717262385778749,8.238517051826946,0.4816722075356569,8.224424301902904,-0.0947406668370816,0.08753931092077966,0.2179525496425199,59.31004434538208,5.412255184778871,8.032236238920431,6.711048282434957,9.645994576536197,-2.018298297723278,2.8853369197853973,6.571199655177243,9.58170729432151,-0.3294709941197149,0.013478423756394357,-0.09134892114025539,0.2641374273041558,-0.2742908515194516,0.6579460439468616,24.88308054319377,97.54671252923121,1,single_deterministic_fit,participant_resample_within_seed
BUT PPG,handcrafted_ppg,ppg_features_demographics,sbp,handcrafted_morphology_and_statistics_v1,none,False,not_applicable,not_applicable,source-faithful-v3,age/sex/BMI,20260715,38.0,66.0,8.933646808854972,11.215306562195428,0.6507823342486133,11.196409408263605,0.4096513494975723,0.6484168616512325,0.8735785278282144,14.791699395382416,7.212157560542435,10.809094812223712,9.332621671930259,13.145174163212916,-2.5824670359658293,3.7275753919356243,9.19564694924565,13.07146644131226,0.06783639892652463,0.5944170452948455,0.4471145081926031,0.7774935592622153,0.5700451385713208,1.1445006391891113,-18.49663243320944,51.04886289468774,1,single_deterministic_fit,participant_resample_within_seed
BUT PPG,papagei_p,finetuned,dbp,official_ppgbp_notebook_equivalent,none,False,none,source_consistent_adaptation,source-faithful-v3,none,17,38.0,66.0,6.6426706338528065,8.091051426496993,-0.04925009388831252,8.090901532862144,-0.055900716441970255,-0.3388190830415349,-4.5606998081136805,422.24223631741694,5.378943594222834,7.987771791807485,6.577556639634187,9.668018754311179,-2.274842125207732,2.434716265524743,6.466937187124922,9.56001454100519,-0.1859731279786415,-0.02884702033708502,-0.5537215714446903,-0.10775528851637345,-7.909739994667381,-1.5356073259794345,190.86881376141957,675.9971587238218,1,single_neural_seed,participant_resample_within_seed
BUT PPG,papagei_p,finetuned,dbp,official_ppgbp_notebook_equivalent,none,False,none,source_consistent_adaptation,source-faithful-v3,none,23,38.0,66.0,6.618856387104123,8.070191728252293,-0.17276606135224465,8.068342234858198,-0.05046325803841878,-0.3294324507846403,-4.795396742706231,439.4691601972172,5.361094538876944,8.032092800519836,6.523167076739983,9.594890227277704,-2.6250756288510946,2.1670782240466253,6.437392144693723,9.50706512105867,-0.18378732344675372,-0.02305492961997592,-0.5312842766937922,-0.09835210353361548,-8.109256479109936,-1.4181400041467023,183.2655686246418,691.1873475474597,1,single_neural_seed,participant_resample_within_seed
BUT PPG,papagei_p,finetuned,dbp,official_ppgbp_notebook_equivalent,none,False,none,source_consistent_adaptation,source-faithful-v3,none,42,38.0,66.0,6.618370317760602,8.071858499406764,-0.26035354660354193,8.067658623492703,-0.05089721617097509,-0.3330817928593092,-4.908991976078109,447.6498169218719,5.403734336859172,7.917912229561858,6.600489037522364,9.521485155042507,-2.7749195978257895,2.096259699951668,6.49801521623346,9.4289340124443,-0.19790872351668082,-0.02197124025325093,-0.5288278469968476,-0.09782658584054423,-7.884732069330991,-1.4046548641764285,181.61525270248765,673.093103741411,1,single_neural_seed,participant_resample_within_seed
BUT PPG,papagei_p,finetuned,sbp,official_ppgbp_notebook_equivalent,none,False,none,source_consistent_adaptation,source-faithful-v3,none,17,38.0,66.0,12.252587303364216,14.737595753935434,0.35912817662823343,14.733219456696062,-0.019388092020477865,-0.11599697853793194,-1.8252105959714073,343.9185719638197,10.051822023179042,14.656044922587519,12.241225080523611,17.155405165053022,-4.185061125752029,4.899205723296406,12.025837666532842,16.984107582805485,-0.16794012142920817,0.006930329975605648,-0.37987991585583786,0.14921194524831044,-6.786433769171027,2.6303988534050218,-196.63799235067702,949.5554971104953,1,single_neural_seed,participant_resample_within_seed
BUT PPG,papagei_p,finetuned,sbp,official_ppgbp_notebook_equivalent,none,False,none,source_consistent_adaptation,source-faithful-v3,none,23,38.0,66.0,12.293180006953424,14.67903831022851,0.3149994756649772,14.675658112789595,-0.011303439399733106,-0.05581759421208027,-0.8958525239640778,230.62827473695722,10.12892687607574,14.6786172992555,12.175995841487945,17.094020162160316,-3.93054703582377,4.723481648802045,12.0721275805939,16.964426330667088,-0.13252233898506055,0.01454136447507198,-0.33524354544793317,0.22114081076913758,-5.771645763870503,3.6922207589211475,-329.90405470435485,824.5789202736528,1,single_neural_seed,participant_resample_within_seed
BUT PPG,papagei_p,finetuned,sbp,official_ppgbp_notebook_equivalent,none,False,none,source_consistent_adaptation,source-faithful-v3,none,42,38.0,66.0,12.215303820134507,14.633080488703527,0.011774835026632152,14.633075751260767,-0.004980879932968918,-0.01471094962304075,-0.25639202404116745,152.6546498947871,9.83957320174032,14.498373326936843,12.066287044912428,16.9700874062319,-4.638158300481696,4.2276986145173705,11.867706445931216,16.875318292942048,-0.14151718914386727,0.018982368769597486,-0.28215199322811624,0.2500524672243837,-5.549678372368071,4.577916406459799,-435.48029488560144,795.5161264968384,1,single_neural_seed,participant_resample_within_seed
BUT PPG,papagei_p,finetuned_demographics,dbp,official_ppgbp_notebook_equivalent,none,False,none,source_consistent_adaptation,source-faithful-v3,age/sex/BMI,17,38.0,66.0,6.549645997290721,8.041854852000505,0.2322320636533061,8.038500962819832,-0.04309922304075875,-0.16570204290949095,-1.686020143703668,204.4583941181883,5.266195612890597,7.868640927409267,6.476443163106848,9.489723109182593,-2.0345863371461346,2.5693330795462233,6.379494697786177,9.394832704620695,-0.18087736741368482,-0.003982171842515104,-0.37897910654007766,0.09097315247445609,-3.93954081509399,0.9451412374500392,2.575283061437215,376.4982428106898,1,single_neural_seed,participant_resample_within_seed
BUT PPG,papagei_p,finetuned_demographics,dbp,official_ppgbp_notebook_equivalent,none,False,none,source_consistent_adaptation,source-faithful-v3,age/sex/BMI,23,38.0,66.0,6.441294822020486,7.946726040052416,0.065154311824544,7.946458939131178,-0.01856709894394415,-0.04780361791680615,-0.49608210501511674,113.69519128759869,5.190403175540055,7.7411112714806505,6.379792651829008,9.37834221442471,-2.247067004656511,2.402550493255148,6.306325636308431,9.276714375615441,-0.15073646538790603,0.018839713989190203,-0.3213261905550364,0.2000394890310945,-3.6847219103426108,2.026021314754198,-78.79360110743299,356.23323828324374,1,single_neural_seed,participant_resample_within_seed
BUT PPG,papagei_p,finetuned_demographics,dbp,official_ppgbp_notebook_equivalent,none,False,none,source_consistent_adaptation,source-faithful-v3,age/sex/BMI,42,38.0,66.0,6.504927028872881,7.997461742348684,0.09999444669102903,7.996836588987036,-0.03161465701473021,-0.11738150374762943,-1.2317544615187994,169.6777773007013,5.2380367851703005,7.846233881039773,6.416533151180405,9.457275155888329,-2.3368151093189087,2.4302810103422297,6.382734493805941,9.366702880481917,-0.1721838441078839,0.008420427664318072,-0.38156090769825085,0.14259725210792346,-4.068515130797335,1.5924603070739298,-46.382961497892495,386.36022409949936,1,single_neural_seed,participant_resample_within_seed
BUT PPG,papagei_p,finetuned_demographics,sbp,official_ppgbp_notebook_equivalent,none,False,none,source_consistent_adaptation,source-faithful-v3,age/sex/BMI,17,38.0,66.0,11.674394865462022,13.901209686703826,0.934582771180865,13.869757957423777,0.09303304284062053,0.44535254470089236,3.500567353327099,-307.09050336702023,9.733978920529353,13.856359427531586,11.658139067435073,16.147226504024257,-3.196914938298016,5.169683607493042,11.438741990926408,15.973856741445518,-0.06810641147545343,0.1530038232779709,0.14640188865596848,0.6330115625363343,1.3104019711992998,5.31593145403276,-531.2757314051852,-37.78894214425338,1,single_neural_seed,participant_resample_within_seed
BUT PPG,papagei_p,finetuned_demographics,sbp,official_ppgbp_notebook_equivalent,none,False,none,source_consistent_adaptation,source-faithful-v3,age/sex/BMI,23,38.0,66.0,11.493313648718566,13.65987747504732,0.7587658649799399,13.638787592577517,0.12425052799782665,0.5238967380826451,3.7469447502706643,-336.59684093235666,9.417772345124847,13.574423503014879,11.278886317557562,15.809885042372896,-3.159903863522181,4.789688699840099,11.06839281170146,15.648915242972253,-0.016955618657583396,0.1854933350067281,0.28013369939219235,0.6822384196764956,2.225384716674474,5.191665626129643,-514.2312966306221,-148.76334968610362,1,single_neural_seed,participant_resample_within_seed
BUT PPG,papagei_p,finetuned_demographics,sbp,official_ppgbp_notebook_equivalent,none,False,none,source_consistent_adaptation,source-faithful-v3,age/sex/BMI,42,38.0,66.0,11.540716231904021,13.773679104981362,0.6630155783290899,13.757712252765469,0.10959785446723813,0.4777607404565124,3.505171956264818,-306.7023762979011,9.470243563808294,13.674015873963794,11.370151550196379,16.01504869169513,-3.2444156405236293,4.712440537405698,11.200080786897173,15.87788989006226,-0.03224949504944873,0.17359845070933907,0.21312017632228358,0.6665996375687679,1.7317333481088804,4.980112921198864,-487.9845670729792,-88.75127287862439,1,single_neural_seed,participant_resample_within_seed
BUT PPG,papagei_p,frozen,dbp,official_ppgbp_notebook_equivalent,none,False,none,source_consistent_adaptation,source-faithful-v3,none,20260715,38.0,66.0,7.253513993319491,8.811509498920813,-0.9312226247237586,8.762164348651211,-0.25231559522804914,-0.314810131815995,-1.1831378041396567,164.7592574283873,5.877232503398428,8.703321183814273,7.307234645450341,10.2261570490437,-3.4947204755979615,1.5316513612662503,7.231581901323781,10.080625892181871,-0.5886606590747069,-0.09658804191559497,-0.49361073453314885,-0.11665816943129592,-2.0036070887817155,-0.5266637381782016,114.69185499679313,227.68395839027178,1,single_deterministic_fit,participant_resample_within_seed
BUT PPG,papagei_p,frozen,sbp,official_ppgbp_notebook_equivalent,none,False,none,source_consistent_adaptation,source-faithful-v3,none,20260715,38.0,66.0,12.730741768770988,15.331422280168608,0.14065127236962185,15.330777095517085,-0.10319216291586697,-0.12338091348289643,-0.5592995743285667,189.533564477686,10.466279052472371,15.235477163720423,12.868738945826264,17.813534306287515,-4.435931554441415,4.754969475510267,12.69349157871978,17.676484013154703,-0.29923544629558774,-0.020041331376708913,-0.33908944588160134,0.07802392238614307,-1.7970791049873318,0.38322819031567257,74.56440791130115,340.3177371326236,1,single_deterministic_fit,participant_resample_within_seed
BUT PPG,papagei_p,frozen_demographics,dbp,official_ppgbp_notebook_equivalent,none,False,none,source_consistent_adaptation,source-faithful-v3,age/sex/BMI,20260715,38.0,66.0,6.957185671012907,8.293972625045654,-2.003412539440412,8.04837375510231,-0.10952823026382741,0.26530916953949335,0.43875169067111414,43.51910245543572,5.7185154052234735,8.225339108751404,6.898389192537483,9.589056380179118,-4.28045106483024,0.21873041061558263,6.7563072450189825,9.074881003712198,-0.5389277931381171,0.1275232650562483,-0.0984209201556641,0.48433666287533783,-0.20195590519561557,0.8285723311582116,13.846726289361577,92.35668433166438,1,single_deterministic_fit,participant_resample_within_seed
BUT PPG,papagei_p,frozen_demographics,sbp,official_ppgbp_notebook_equivalent,none,False,none,source_consistent_adaptation,source-faithful-v3,age/sex/BMI,20260715,38.0,66.0,9.195059212708184,11.46750164998274,-1.0625190669721523,11.418171803081151,0.38280286846050016,0.6300321227414148,0.8701521749740619,16.70106401772869,7.521746601180075,11.08571814520282,9.442854422844404,13.792080780285604,-4.194543881006394,1.9010960950625715,9.309307677390853,13.490766020069561,-0.03389604968840989,0.5843009189780735,0.4147188645362505,0.7809689922792882,0.5050060488054551,1.221590401960465,-25.52837648794261,61.175158435712305,1,single_deterministic_fit,participant_resample_within_seed
BUT PPG,papagei_s,finetuned,dbp,official_ppgbp_notebook_equivalent,none,False,none,source_consistent_adaptation,source-faithful-v3,none,17,38.0,66.0,6.606701931746067,8.076404496149525,0.005909015068885699,8.076402334515361,-0.0520812608637915,-0.28114853583878596,-3.4725301933918056,339.81511576803337,5.368109057606358,7.981835871739252,6.549294512011473,9.605989534782147,-2.2833660742350337,2.4021542655470927,6.451368513249606,9.49993195908112,-0.17503236048096654,-0.02280267211316024,-0.5203186716586443,-0.03210117483170065,-6.936173199003515,-0.4307788310533357,109.19421357908686,602.8817418051597,1,single_neural_seed,participant_resample_within_seed
BUT PPG,papagei_s,finetuned,dbp,official_ppgbp_notebook_equivalent,none,False,none,source_consistent_adaptation,source-faithful-v3,none,23,38.0,66.0,6.609678729413386,8.047197304925902,0.16574369488694798,8.045490258027282,-0.04448560955469616,-0.24438841093159358,-3.1435690678470998,315.32323461755755,5.360428037418306,7.976561135881322,6.571345871654738,9.55327935976971,-2.2529858480881266,2.4051117207105976,6.477196126046572,9.44373781931723,-0.1768666212633984,-0.016573112232110103,-0.4465460162540449,-0.03111646754636359,-5.951512770951035,-0.41610609639556256,107.70397749327742,528.9755914864667,1,single_neural_seed,participant_resample_within_seed
BUT PPG,papagei_s,finetuned,dbp,official_ppgbp_notebook_equivalent,none,False,none,source_consistent_adaptation,source-faithful-v3,none,42,38.0,66.0,6.642987778294439,8.097340760068253,-0.16633085728357921,8.095632244029987,-0.0575428992756708,-0.3106142413577543,-3.8217266642506127,365.688667866882,5.404816475165868,8.094731202799545,6.591527106930585,9.696758463746152,-2.3693246342922802,2.207442387426718,6.528037705749054,9.557501070271593,-0.19035885899337884,-0.02675379774014502,-0.5384509238376199,-0.09153161259379335,-6.822635186558191,-1.0316663656592158,151.24295685900222,592.7345981994573,1,single_neural_seed,participant_resample_within_seed
BUT PPG,papagei_s,finetuned,sbp,official_ppgbp_notebook_equivalent,none,False,none,source_consistent_adaptation,source-faithful-v3,none,17,38.0,66.0,12.299881789225577,14.847834422146649,0.3130073226767758,14.844534800505997,-0.0346953754146051,-0.2594285653227459,-4.380548060440457,655.1077329637709,10.032057696919006,14.6376851888709,12.317880208068683,17.30530074257975,-4.049844242695748,4.691469721030461,12.169004366591142,17.107183733541763,-0.18106800998685374,-0.011066992834917626,-0.49255831426822755,-0.00025377868685665545,-8.65072670358268,-0.007088526035037198,121.13361293875464,1176.011739720286,1,single_neural_seed,participant_resample_within_seed
BUT PPG,papagei_s,finetuned,sbp,official_ppgbp_notebook_equivalent,none,False,none,source_consistent_adaptation,source-faithful-v3,none,23,38.0,66.0,12.176863516266408,14.704690671504153,0.45349361374612296,14.697696121736657,-0.014841135588909982,-0.08416278483497933,-1.3885857557592594,290.8428840971257,9.922074132147731,14.586994454516331,12.120795068454607,17.16594613681344,-3.7663935705153446,4.751162991859334,11.934969780991501,17.008968208671778,-0.1506664471497403,0.013319908065271228,-0.398067353919496,0.2127153820451588,-7.236594776001576,3.2645661628948304,-273.91830666352257,1006.0488287517376,1,single_neural_seed,participant_resample_within_seed
BUT PPG,papagei_s,finetuned,sbp,official_ppgbp_notebook_equivalent,none,False,none,source_consistent_adaptation,source-faithful-v3,none,42,38.0,66.0,12.269879715752301,14.84479524215637,-0.04797797203885251,14.844717710207476,-0.03427183841151615,-0.2590609922843333,-4.366348361699237,651.801837406848,10.05670093226478,14.659828713557342,12.38908887171413,17.27120608680736,-4.442703979748979,4.483321432825936,12.194116265390097,17.14396107485872,-0.1637433101726593,-0.01057104935064223,-0.5079351839354427,0.0161180064037296,-8.874768963942863,0.30359766744395184,86.10640370370875,1199.7611983288778,1,single_neural_seed,participant_resample_within_seed
BUT PPG,papagei_s,finetuned_demographics,dbp,official_ppgbp_notebook_equivalent,none,False,none,source_consistent_adaptation,source-faithful-v3,age/sex/BMI,17,38.0,66.0,6.56776397314648,8.0500297295302,0.2545604462457504,8.046003829574483,-0.045221007799727264,-0.16769934661389044,-1.6573508575884703,202.31063086489118,5.255408675266614,7.94950033368542,6.440904040038701,9.528758778463738,-1.9916675091977227,2.6237866979366475,6.365646672586824,9.45309401185368,-0.18099955329332684,-0.012548363420919957,-0.3812027354060234,0.043360000018307934,-4.060968482377136,0.4126931157200062,44.70129278334283,387.5337826577527,1,single_neural_seed,participant_resample_within_seed
BUT PPG,papagei_s,finetuned_demographics,dbp,official_ppgbp_notebook_equivalent,none,False,none,source_consistent_adaptation,source-faithful-v3,age/sex/BMI,23,38.0,66.0,6.51971751715043,8.012502271577793,-0.30079612981751336,8.006854210008203,-0.03549854445636225,-0.13639363006137678,-1.465877270477376,186.9008508394157,5.225434403503993,7.861955427257526,6.482154607973729,9.441264588459747,-2.631051082685846,2.064476138235773,6.428452072851219,9.362793607395957,-0.17635308375614783,-0.0013156985171118927,-0.36284760055688436,0.0814718103187048,-4.4451763781508005,0.8787394905864684,9.743648611268775,411.71145079173243,1,single_neural_seed,participant_resample_within_seed
BUT PPG,papagei_s,finetuned_demographics,dbp,official_ppgbp_notebook_equivalent,none,False,none,source_consistent_adaptation,source-faithful-v3,age/sex/BMI,42,38.0,66.0,6.5704862647709,8.068592123611014,-0.23227328624124466,8.06524816590887,-0.050046871555993855,-0.19362029669788505,-1.9214126950286756,221.50419269983126,5.342291642877629,7.960641344943729,6.536149086273995,9.54398016310605,-2.567457593426715,2.1063005617053037,6.480697238686626,9.439860867246969,-0.19004939046132188,-0.013376460870287916,-0.42770430506783935,0.039071579377906444,-4.709561049968584,0.4067896475164046,44.41119266231497,433.5825484270305,1,single_neural_seed,participant_resample_within_seed
BUT PPG,papagei_s,finetuned_demographics,sbp,official_ppgbp_notebook_equivalent,none,False,none,source_consistent_adaptation,source-faithful-v3,age/sex/BMI,17,38.0,66.0,11.618547924386725,13.982532886258833,0.7588831697829961,13.96192401676538,0.08239034338519458,0.4059008813007937,3.282503825934083,-279.8152517592409,9.577640430550078,13.735249053021876,11.646021090338971,16.146279940088174,-3.3492517961374535,4.999316530589307,11.499093192711038,16.01521189660646,-0.07235864923249134,0.13738854284040913,0.11395758660065765,0.6233356498099868,0.9217619592867534,5.316496528740614,-529.5711192220948,9.211187938465782,1,single_neural_seed,participant_resample_within_seed
BUT PPG,papagei_s,finetuned_demographics,sbp,official_ppgbp_notebook_equivalent,none,False,none,source_consistent_adaptation,source-faithful-v3,age/sex/BMI,23,38.0,66.0,11.571462181226227,13.913465533469145,0.26263853003268606,13.910986455085638,0.09143310322493836,0.45190128356717724,3.87718983681479,-350.5968646123957,9.483455984618264,13.816898273876888,11.523547822397473,16.18191176963271,-4.0548621431689975,4.26806894297928,11.334812834666561,16.010410274626587,-0.04157074123957447,0.1371616055568306,0.1526202671309206,0.6589854650083931,1.3536530394936426,6.1661077266144035,-631.830413388529,-43.93675223001332,1,single_neural_seed,participant_resample_within_seed
BUT PPG,papagei_s,finetuned_demographics,sbp,official_ppgbp_notebook_equivalent,none,False,none,source_consistent_adaptation,source-faithful-v3,age/sex/BMI,42,38.0,66.0,11.693188168639331,14.030868874317079,0.26817947050982655,14.028305711663005,0.0760352384370242,0.3592003862649146,2.768619955592292,-215.6298116381972,9.615299706457666,13.900714787919151,11.722051507400915,16.308772539130647,-3.96571423342116,4.28845299101618,11.55378393673006,16.18262891477399,-0.07199193499690694,0.13606439042409174,0.01685473431399984,0.6168773414766837,0.11966904135059016,5.292850838878872,-522.9976530957198,105.34217686660669,1,single_neural_seed,participant_resample_within_seed
BUT PPG,papagei_s,frozen,dbp,official_ppgbp_notebook_equivalent,none,False,none,source_consistent_adaptation,source-faithful-v3,none,20260715,38.0,66.0,6.560368012827912,7.981870881799633,-0.24824972798916406,7.978009453884733,-0.027596361379839784,0.0058344522208769595,0.034515003048512904,73.36002060851158,5.412596709921601,7.814280149603363,6.5799674897196505,9.357660718441313,-2.6353749348606854,1.9464013738335433,6.482568174447289,9.269416353943704,-0.21573215560216755,0.06196357494712729,-0.319449391405549,0.3017205857187867,-2.053896136407651,1.7550790243876488,-56.6546689029187,231.69543516958873,1,single_deterministic_fit,participant_resample_within_seed
BUT PPG,papagei_s,frozen,sbp,official_ppgbp_notebook_equivalent,none,False,none,source_consistent_adaptation,source-faithful-v3,none,20260715,38.0,66.0,12.042912041150402,14.671128832527959,0.5495496035147882,14.660832733985814,-0.010213895681351337,0.09055890638110287,0.40989320169687987,71.47271934735318,9.844210502321951,14.445747689706296,12.209518034006193,17.20320626992626,-4.024181370791108,4.9043112360109085,11.973654341471775,16.962447740256415,-0.21271996141107,0.10004168137627459,-0.15705244558060566,0.3802161523153876,-0.7134702551130448,2.0856260462302716,-132.78984397636847,208.99410186829496,1,single_deterministic_fit,participant_resample_within_seed
BUT PPG,papagei_s,frozen_demographics,dbp,official_ppgbp_notebook_equivalent,none,False,none,source_consistent_adaptation,source-faithful-v3,age/sex/BMI,20260715,38.0,66.0,6.296294559689578,7.698964204657644,-0.04797789574120841,7.698814710468096,0.043956259600768655,0.2100411732219711,1.0559618884971327,-4.200968015112862,5.112875354858836,7.609123856691252,6.324850411432396,9.115542801773618,-2.1831998970571354,2.1506724751401776,6.27519237396301,9.076975001566273,-0.12957519113742727,0.1257079809998882,-0.05217306114299967,0.4600358016964397,-0.25737817749437614,2.6557469829776053,-125.8685284120539,95.3851960771383,1,single_deterministic_fit,participant_resample_within_seed
BUT PPG,papagei_s,frozen_demographics,sbp,official_ppgbp_notebook_equivalent,none,False,none,source_consistent_adaptation,source-faithful-v3,age/sex/BMI,20260715,38.0,66.0,8.119339778038187,10.501462004810133,-0.3290667779159035,10.49630503054017,0.48241008323820256,0.6949247687376313,0.9979052637362718,0.5828879258459841,6.520261490889819,9.813740777577015,8.754484453374456,12.221671820252883,-3.438574076342538,2.675616667298616,8.661729739770738,12.030583797278787,0.2033268782008578,0.6275255414038594,0.5252855633755004,0.8139556408237726,0.6915386176469362,1.2848519488788588,-33.34812250978828,37.283716866207556,1,single_deterministic_fit,participant_resample_within_seed
BUT PPG,pulseppg,finetuned,dbp,official_ppgbp_script_equivalent,none,False,none,source_consistent_adaptation,source-faithful-v3,none,17,38.0,66.0,6.602404387769211,8.033531740386394,-0.21380172334774122,8.030686212702449,-0.0409411789869083,-0.19252242943374925,-2.253036766428071,246.6634848744098,5.328383162628729,8.023210798759324,6.541202637249877,9.57079473816629,-2.524316823998235,2.136424687605625,6.445625718276187,9.443726827082576,-0.18204405088235287,0.005637572853600613,-0.533538221504301,0.15562575682975402,-6.3221950525530195,2.045924606423806,-79.85696910788435,556.019587503364,1,single_neural_seed,participant_resample_within_seed
BUT PPG,pulseppg,finetuned,dbp,official_ppgbp_script_equivalent,none,False,none,source_consistent_adaptation,source-faithful-v3,none,23,38.0,66.0,6.614299180040062,8.0507088519681,-0.2054396891670466,8.048087198413823,-0.04539737062186222,-0.21748584055225367,-2.533124868423248,267.9041086443549,5.37402802080697,7.974828609310468,6.570885785137372,9.519934035308367,-2.4198195079125884,2.1389187695789906,6.500197046216222,9.4184788743529,-0.18471759757900602,0.0027985841317039266,-0.5286463111981976,0.11035918851383215,-5.996051223391504,1.441610496922752,-33.91145772904148,531.2246062603391,1,single_neural_seed,participant_resample_within_seed
BUT PPG,pulseppg,finetuned,dbp,official_ppgbp_script_equivalent,none,False,none,source_consistent_adaptation,source-faithful-v3,none,42,38.0,66.0,6.602170517147034,8.014328454912395,-0.20220489751461923,8.011777191275328,-0.035970613135339,-0.14930451426769412,-1.6461050667643855,200.70150022390771,5.427980411219716,7.901917358137669,6.576649718602282,9.399220977436473,-2.5072378233808665,2.04879454660961,6.488458208709717,9.326332525186043,-0.17552328042538248,0.017249324176974126,-0.49915190740237003,0.21221244547721135,-5.5173395036602715,2.671114792629222,-127.39514739033598,494.5009172577416,1,single_neural_seed,participant_resample_within_seed
BUT PPG,pulseppg,finetuned,sbp,official_ppgbp_script_equivalent,none,False,none,source_consistent_adaptation,source-faithful-v3,none,17,38.0,66.0,12.212112618309066,14.814793633967641,0.12305956843262875,14.814282525983678,-0.0300954975418799,-0.1246474196092296,-1.4036278859140126,292.2135179804331,9.982995580228605,14.604249301481609,12.42162760516701,17.140000131350476,-4.165719044867511,4.632926489972241,12.204870335678056,16.930384482459512,-0.16810963989581496,0.007660506344192991,-0.39248793111670877,0.1443359480639315,-4.292744298257225,1.8085004126414024,-96.90427764701637,643.5537593842951,1,single_neural_seed,participant_resample_within_seed
BUT PPG,pulseppg,finetuned,sbp,official_ppgbp_script_equivalent,none,False,none,source_consistent_adaptation,source-faithful-v3,none,23,38.0,66.0,12.217032737399041,14.821115007128665,-0.04263893172700776,14.821053672935529,-0.03097475477951117,-0.13934063785449505,-1.6370138279601194,320.327379576308,10.041849244146162,14.530319450551158,12.37673264323823,17.066255170662934,-4.22184044875654,4.342859064709317,12.21589219673908,16.866491605961127,-0.16655793333903646,0.004246654749145511,-0.4099412755050699,0.13696358711493,-4.808406911034025,1.690332269751447,-86.83205719908258,705.8024266412134,1,single_neural_seed,participant_resample_within_seed
BUT PPG,pulseppg,finetuned,sbp,official_ppgbp_script_equivalent,none,False,none,source_consistent_adaptation,source-faithful-v3,none,42,38.0,66.0,12.23187971494043,14.829502475735302,-0.015449355505788317,14.829494428174343,-0.03214196995712948,-0.1450905745970511,-1.6961007834198165,327.55004152153094,9.963617306529846,14.517831953916472,12.375231479053253,17.125733375989938,-4.4278936349616265,4.530212746849353,12.10090798764669,16.95535883498378,-0.16863213883898814,6.673113407605879e-05,-0.39453346576394294,0.10695149987222885,-4.714410811440808,1.3357574144647142,-38.78154097449937,695.9199661196154,1,single_neural_seed,participant_resample_within_seed
BUT PPG,pulseppg,finetuned_demographics,dbp,official_ppgbp_script_equivalent,none,False,none,source_consistent_adaptation,source-faithful-v3,age/sex/BMI,17,38.0,66.0,6.6070153469258806,8.04705911652786,-0.24345218677550526,8.04337562579595,-0.044449737548975854,-0.19623895656956722,-2.177442915859557,240.87194144704307,5.396670659351075,7.906632340821209,6.540932411637565,9.411388634592333,-2.676239279098478,2.1222825062498676,6.441045952404763,9.35258677355822,-0.1994975388584273,0.010427353269951057,-0.5315822306878005,0.18089173639927075,-5.99448263738838,2.1954952056821355,-90.92505482477434,532.0476261906107,1,single_neural_seed,participant_resample_within_seed
BUT PPG,pulseppg,finetuned_demographics,dbp,official_ppgbp_script_equivalent,none,False,none,source_consistent_adaptation,source-faithful-v3,age/sex/BMI,23,38.0,66.0,6.602453660515544,8.029780377633841,-0.22650399045497527,8.026585130386486,-0.039969243763561035,-0.1767782986278262,-1.9966555097089134,227.21470894184569,5.376837534024006,7.9383519935224705,6.521981545793849,9.473706904080045,-2.465597045000903,2.1259528562824106,6.441828860152529,9.388956269098053,-0.17861866462330794,0.011779879955452361,-0.49176470095202146,0.16606309712945935,-5.522755969311289,1.9948060984749747,-76.74435452210464,496.5535284722789,1,single_neural_seed,participant_resample_within_seed
BUT PPG,pulseppg,finetuned_demographics,dbp,official_ppgbp_script_equivalent,none,False,none,source_consistent_adaptation,source-faithful-v3,age/sex/BMI,42,38.0,66.0,6.602862289799455,8.023186109302694,-0.2083633616039666,8.020480038878521,-0.0382618445549292,-0.1625408885069248,-1.7979385758064854,212.19507727315923,5.292988652483871,7.991892797796687,6.439892203474123,9.550027088167578,-2.5217336955495164,2.237318475738005,6.327407624571682,9.430087342936398,-0.18180467174980589,0.01608434998472187,-0.5095370826978628,0.1952817823545435,-5.609712132863963,2.4008533884057663,-105.73435903295362,502.3150911209569,1,single_neural_seed,participant_resample_within_seed
BUT PPG,pulseppg,finetuned_demographics,sbp,official_ppgbp_script_equivalent,none,False,none,source_consistent_adaptation,source-faithful-v3,age/sex/BMI,17,38.0,66.0,12.28331822216895,14.843850769321554,0.176080604790275,14.842806381628266,-0.034140235305594846,-0.1541157348210342,-1.7881131351712445,339.07059796558036,9.99350600625705,14.678381948997988,12.239086128295062,17.242184432253712,-4.383760859373724,4.815661868185693,12.046104097921353,17.068273637986028,-0.18874945722261866,0.004340259530187212,-0.43875586382431786,0.12363159504191447,-4.947890058176837,1.6239184950484873,-72.97710200308846,722.9288181146596,1,single_neural_seed,participant_resample_within_seed
BUT PPG,pulseppg,finetuned_demographics,sbp,official_ppgbp_script_equivalent,none,False,none,source_consistent_adaptation,source-faithful-v3,age/sex/BMI,23,38.0,66.0,12.263703825348191,14.828829539708057,0.167908418866513,14.827878886765701,-0.03204829860721237,-0.15790454930466474,-1.9608782802995748,360.07595902803314,10.019214223291922,14.7563596744477,12.356131348317696,17.17442606384251,-4.373639095950598,4.310799743311617,12.064592400869339,17.023167455943135,-0.18032406151618485,0.00047840642605928894,-0.4421317585735572,0.10853712858231847,-5.333122785659423,1.4707585657379967,-55.353178400849366,771.2692196904451,1,single_neural_seed,participant_resample_within_seed
BUT PPG,pulseppg,finetuned_demographics,sbp,official_ppgbp_script_equivalent,none,False,none,source_consistent_adaptation,source-faithful-v3,age/sex/BMI,42,38.0,66.0,12.245913147706059,14.823320120535232,-0.03852888166194234,14.823270048175692,-0.031281558332965975,-0.1502764126808495,-1.8372104469494046,344.650283640454,10.01334267037496,14.673985493046265,12.292539889830755,17.187754927703065,-4.358039378493485,4.269683989926035,12.144039343110366,17.08033044876557,-0.18572646855130368,0.005099227358354498,-0.468823373062063,0.13825221388225498,-5.47401113286808,1.7738495571367632,-90.76087499455065,784.9692694682282,1,single_neural_seed,participant_resample_within_seed
BUT PPG,pulseppg,frozen,dbp,official_ppgbp_script_equivalent,none,False,none,source_consistent_adaptation,source-faithful-v3,none,20260715,38.0,66.0,7.2280508745112115,8.612389612939088,-0.43596902587484915,8.601347909109295,-0.19635618300923996,-0.18873885332593884,-0.6514761192338097,125.18470175481183,6.01682204184731,8.535166458687764,7.219130687247073,10.050209540732963,-2.944360388886627,2.075841805933016,7.139823010438615,9.903571725904525,-0.4407626022399578,-0.07615563448398183,-0.5149001361262375,0.07734108070770425,-2.2132546297357445,0.2345671323465558,59.123868058110695,242.76171016141058,1,single_deterministic_fit,participant_resample_within_seed
BUT PPG,pulseppg,frozen,sbp,official_ppgbp_script_equivalent,none,False,none,source_consistent_adaptation,source-faithful-v3,none,20260715,38.0,66.0,12.811407903351164,15.538672755579654,0.34068002778515427,15.53493766075879,-0.1332197045871364,-0.115319609439354,-0.4323210675002981,174.17429285457436,10.490929316847302,15.19497392659364,12.969590710254078,17.938963841197296,-4.4329580210390525,4.937017634238858,12.787191025631078,17.80764712085935,-0.3730869382900611,-0.024536860950543127,-0.3023491878108993,0.07989423561049507,-1.176313734949805,0.3516750160511144,79.29435651237301,265.3424010348256,1,single_deterministic_fit,participant_resample_within_seed
BUT PPG,pulseppg,frozen_demographics,dbp,official_ppgbp_script_equivalent,none,False,none,source_consistent_adaptation,source-faithful-v3,age/sex/BMI,20260715,38.0,66.0,6.633329136286944,8.114118682014288,-0.8941685658517402,8.064699905244826,-0.06192995797373291,0.022318158375362294,0.09114052157737448,69.130897994894,5.397487962033132,7.942690911789968,6.721308352407917,9.459711536773687,-3.1963421862007073,1.4136827397367355,6.624419920683154,9.335682670066351,-0.2923335537920344,0.04112232920840691,-0.19680883282813155,0.23464058147343156,-0.7984291658412574,0.9839151407399508,0.5490781141589886,135.85158440182096,1,single_deterministic_fit,participant_resample_within_seed
BUT PPG,pulseppg,frozen_demographics,sbp,official_ppgbp_script_equivalent,none,False,none,source_consistent_adaptation,source-faithful-v3,age/sex/BMI,20260715,38.0,66.0,10.25015715887381,12.712367450627744,-0.7818680801099477,12.688300457708468,0.24152870060005804,0.5643539040471122,0.6746106299676965,40.062264976999415,8.39180715200402,12.258211218054063,10.720603682802953,14.586945267618876,-4.269171732089104,2.6913974159586234,10.586869592172091,14.420453261717915,-0.14530816932337798,0.4712450372291754,0.3327458197629309,0.7148900167232918,0.4252681513543078,0.9340861650729138,7.610734480660055,70.5397041402696,1,single_deterministic_fit,participant_resample_within_seed
PPG-BP,anyppg,finetuned,dbp,source_consistent_filter_resample_zscore_adaptation,zero,True,none,source_consistent_adaptation,source-faithful-v3,none,17,219.0,219.0,8.792054881278538,11.287775112634744,-0.9817894748858447,11.244996950662978,-0.036769282415111126,-0.030881996649615388,-0.21751679709496957,87.26419225366037,7.905350045700148,9.751602050761033,10.142268972403617,12.421777367192936,-2.4216893050228316,0.4524702162480953,10.094366390596669,12.312858292171603,-0.08735949466277235,-0.0022313358474508674,-0.16068807661101867,0.09440212768137786,-1.1517307236079044,0.642559409167892,26.6467307162401,153.05827744294763,1,single_neural_seed,participant_resample_within_seed
PPG-BP,anyppg,finetuned,dbp,source_consistent_filter_resample_zscore_adaptation,zero,True,none,source_consistent_adaptation,source-faithful-v3,none,23,219.0,219.0,8.62407286605784,11.001067480666894,-0.2791212313546425,10.997525951430788,0.015229382797430246,0.12731935573489633,0.8723827848374942,9.41271005749102,7.731312051522074,9.57125614486301,9.87703417112168,12.15026992977241,-1.6837915294901065,1.2032990169710818,9.859018027362302,12.077207054825067,-0.026171160187241565,0.0445855731485695,0.01347792610116245,0.2379127766936834,0.09569439146548991,1.695018063507628,-49.9494677616398,64.44491963306113,1,single_neural_seed,participant_resample_within_seed
PPG-BP,anyppg,finetuned,dbp,source_consistent_filter_resample_zscore_adaptation,zero,True,none,source_consistent_adaptation,source-faithful-v3,none,42,219.0,219.0,8.817195060882801,11.200727536570243,0.1388060076103498,11.199867420676648,-0.020840497550900894,-0.010679321439120227,-0.07997395415309762,77.60648976300108,7.890269601484016,9.732992989764076,10.054011953200373,12.300204450032853,-1.4173097624809743,1.5969183862252665,10.01230580824379,12.268691007133851,-0.0648152611085878,0.006954727341740409,-0.1351852614150841,0.1068649078574298,-1.034870386256282,0.7876798568391047,15.550865802945323,145.8109775924807,1,single_neural_seed,participant_resample_within_seed
PPG-BP,anyppg,finetuned,sbp,source_consistent_filter_resample_zscore_adaptation,zero,True,none,source_consistent_adaptation,source-faithful-v3,none,17,219.0,219.0,14.812739480974123,19.017703212863207,-0.44353282952815826,19.012530450249862,0.12503623167366174,0.3926047679092586,1.7573167239713579,-96.11561620258057,13.20021984052511,16.489986430136984,17.051040358231074,20.914985444650117,-3.03147842218417,2.061611285312021,17.044457451953203,20.819543224079567,0.06247774948291561,0.17192785228013363,0.2658616347129499,0.4999432502486843,1.1848313179720082,2.3163278453642815,-166.89046300350537,-23.23232910534825,1,single_neural_seed,participant_resample_within_seed
PPG-BP,anyppg,finetuned,sbp,source_consistent_filter_resample_zscore_adaptation,zero,True,none,source_consistent_adaptation,source-faithful-v3,none,23,219.0,219.0,14.97886329680365,18.92841706811005,0.9541674246575338,18.904352335640656,0.13323267402241668,0.41116667931632966,1.8049348654907564,-104.70976681506973,13.471861390677319,16.56928083850837,17.130436830406296,20.728750320295774,-1.6560167161719945,3.3294410063165834,17.05777496462979,20.682247167619057,0.07041175871687232,0.17986752376675236,0.29553659544689437,0.5137815754550665,1.2431028694688218,2.356933597362505,-175.41925037491617,-32.99364508820958,1,single_neural_seed,participant_resample_within_seed
PPG-BP,anyppg,finetuned,sbp,source_consistent_filter_resample_zscore_adaptation,zero,True,none,source_consistent_adaptation,source-faithful-v3,none,42,219.0,219.0,15.134920917808216,19.313884061968903,1.7019884003044141,19.238746140131006,0.09757071864859557,0.34609102920341517,1.553362846263826,-73.44392861572459,13.62382615365297,16.73573645859969,17.478958318042494,21.19142669024533,-0.760309476712328,4.3473274630898,17.293363103888648,21.11692465036275,0.020129525035408533,0.15329517863620742,0.20381615158254118,0.4700208335022799,0.9153977869326367,2.1651882333817523,-151.70616575925993,8.689425303543269,1,single_neural_seed,participant_resample_within_seed
PPG-BP,anyppg,finetuned_demographics,dbp,source_consistent_filter_resample_zscore_adaptation,zero,True,none,source_consistent_adaptation,source-faithful-v3,age/sex/BMI,17,219.0,219.0,8.53126000152207,11.16291089900247,-1.8542502085235912,11.007830662908036,-0.013958875795522907,0.12737098863076052,0.7306299659271789,20.708823214782893,7.621082899086758,9.52788628340944,9.944463920733824,12.394731191413443,-3.301779892960428,-0.4022405205479454,9.855312325222261,12.114076210064978,-0.08587923951134385,0.04200982389162483,-0.007138335875365357,0.264378487363868,-0.04095996094393281,1.4859423694989125,-32.32297444571329,74.84565541640825,1,single_neural_seed,participant_resample_within_seed
PPG-BP,anyppg,finetuned_demographics,dbp,source_consistent_filter_resample_zscore_adaptation,zero,True,none,source_consistent_adaptation,source-faithful-v3,age/sex/BMI,23,219.0,219.0,8.619721613394216,11.031415881137455,0.03520363470319595,11.031359709787155,0.00978855874446849,0.11977968874081325,0.639771916525717,25.859618769220482,7.66326697191781,9.531303274086753,9.87060844469959,12.148460493389818,-1.4527306934170476,1.470146775152206,9.834732656794774,12.110267825073214,-0.04244886967051499,0.048847472756677085,-0.003836322844201616,0.23431341514288961,-0.023707158446167904,1.259614900455951,-18.744304543938735,72.82527258635024,1,single_neural_seed,participant_resample_within_seed
PPG-BP,anyppg,finetuned_demographics,dbp,source_consistent_filter_resample_zscore_adaptation,zero,True,none,source_consistent_adaptation,source-faithful-v3,age/sex/BMI,42,219.0,219.0,8.6092141369863,11.074617683212546,-0.3749828919330288,11.068267464245773,0.0020175372060384777,0.09589212611972933,0.5524746668909742,32.36155720799326,7.62226690787671,9.594103972831043,9.850304250323893,12.236893027478772,-1.8623952243911728,1.0423413020928454,9.830013827906502,12.178252800351176,-0.05056102320746205,0.04372533248976304,-0.03495637745632128,0.22315616581378775,-0.20770286503255164,1.2688814599373537,-19.120957281114656,86.59825106335151,1,single_neural_seed,participant_resample_within_seed
PPG-BP,anyppg,finetuned_demographics,sbp,source_consistent_filter_resample_zscore_adaptation,zero,True,none,source_consistent_adaptation,source-faithful-v3,age/sex/BMI,17,219.0,219.0,14.008039391171991,18.140405421404243,-0.5664480487062408,18.131559377533673,0.2038994642185249,0.46069767335215667,1.2327638706629358,-29.082724571109345,12.545165268949779,15.636436809284632,16.33118832914746,20.093251297085917,-2.927617051902589,1.763968991856926,16.309415626893735,20.002107708885493,0.1270622034704299,0.2724913866928818,0.3636093791580816,0.5457350788384637,0.9880046715608553,1.4940881351411066,-62.08915583131137,1.620760632726228,1,single_neural_seed,participant_resample_within_seed
PPG-BP,anyppg,finetuned_demographics,sbp,source_consistent_filter_resample_zscore_adaptation,zero,True,none,source_consistent_adaptation,source-faithful-v3,age/sex/BMI,23,219.0,219.0,13.826625506849314,17.61231571798636,1.4806605357686453,17.549966077683646,0.24957574560122864,0.5462611529865272,1.6178683051176606,-81.44880100897849,12.452060486910193,15.265996258181112,16.013877593545658,19.269456963770796,-0.8545592971841699,3.874261137138505,15.799461869470607,19.2030968167667,0.17904329126526214,0.30672119042962825,0.4612398134971258,0.6223769052285705,1.3535145601217646,1.9157089712602522,-119.31731913182205,-47.842414043078925,1,single_neural_seed,participant_resample_within_seed
PPG-BP,anyppg,finetuned_demographics,sbp,source_consistent_filter_resample_zscore_adaptation,zero,True,none,source_consistent_adaptation,source-faithful-v3,age/sex/BMI,42,219.0,219.0,14.158323908675797,17.918770016423004,2.4818009954337885,17.746069500611224,0.22323378267227945,0.5064030153858785,1.3646350060445793,-50.04005328978015,12.74864478858447,15.641783793949768,16.27334990064577,19.671717586888956,0.09899443945966423,4.8470731019406355,15.926064046428662,19.491182426610045,0.13711028984253246,0.29063248280051535,0.4153947940489513,0.5863100379134893,1.083197149966852,1.6478956258130921,-86.03291193468826,-14.085466868676901,1,single_neural_seed,participant_resample_within_seed
PPG-BP,anyppg,frozen,dbp,source_consistent_filter_resample_zscore_adaptation,zero,True,none,source_consistent_adaptation,source-faithful-v3,none,20260715,219.0,219.0,8.345249091039086,10.369485288652886,0.16350627622631253,10.368196123204036,0.12505687236556018,0.3587838628559747,0.8592948147853073,9.96907108891505,7.503473749558712,9.15184488931983,9.396554576479547,11.30100138640605,-1.2139531894688949,1.5584869466081896,9.355620395481797,11.265465218059019,0.0008858102105858126,0.21767246665919335,0.2283583782124986,0.47604759617341474,0.5298094454495981,1.210727611734443,-14.655011947745523,33.75976531217309,1,single_deterministic_fit,participant_resample_within_seed
PPG-BP,anyppg,frozen,sbp,source_consistent_filter_resample_zscore_adaptation,zero,True,none,source_consistent_adaptation,source-faithful-v3,none,20260715,219.0,219.0,12.756205577496573,16.308341928471698,-0.04475511404124004,16.308280517446196,0.3565814829600067,0.5974290544402814,1.0316116509077446,-3.998389273853453,11.452228630210215,14.178211191236212,14.675171640114291,18.00476923836636,-2.1551887985953058,2.1326041487266245,14.659429939290538,17.949933344720588,0.2526259292668354,0.43745569989780414,0.5109501780239244,0.6675249914271589,0.8572853964184366,1.21822943149309,-27.311811724741712,17.208377069691952,1,single_deterministic_fit,participant_resample_within_seed
PPG-BP,anyppg,frozen_demographics,dbp,source_consistent_filter_resample_zscore_adaptation,zero,True,none,source_consistent_adaptation,source-faithful-v3,age/sex/BMI,20260715,219.0,219.0,7.841886952477491,9.964415691770629,0.1190576654931789,9.963704399002014,0.1920786244208057,0.44094572311697156,0.9030858736319403,6.855694304151998,7.094157084532709,8.649747638297939,9.043515094502899,10.901964587695792,-1.3085907331204303,1.4459337405189114,9.009681681939298,10.861549279715922,0.05231630625451591,0.29703975513279396,0.323443507491904,0.5589881756149749,0.6056349894366909,1.246349027103227,-17.157672100402312,27.761392359311408,1,single_deterministic_fit,participant_resample_within_seed
PPG-BP,anyppg,frozen_demographics,sbp,source_consistent_filter_resample_zscore_adaptation,zero,True,none,source_consistent_adaptation,source-faithful-v3,age/sex/BMI,20260715,219.0,219.0,12.170146570444693,15.332305122754393,-0.0721813970897526,15.332135214090528,0.4312926446857467,0.6570945579995934,1.0340438110403916,-4.281103671933604,10.944541720061393,13.455580465193856,13.837652661123728,16.81424225628897,-2.1173702397749286,1.9665624116971963,13.804727830100635,16.78819882260899,0.33986685220049295,0.5070247737686137,0.5897762546156269,0.71881668223844,0.879916676801516,1.2007581859424628,-24.899273611565125,14.972970434818551,1,single_deterministic_fit,participant_resample_within_seed
PPG-BP,demographics,demographics,dbp,none,none,False,not_applicable,not_applicable,source-faithful-v3,age/sex/BMI,20260715,219.0,219.0,8.569516370805523,10.934484703425973,-0.040337762197136307,10.934410299343881,0.02711374562186708,0.1719485033057246,0.7768601078497055,16.063785213746968,7.703703343061818,9.47836031969606,9.83850312744083,12.060130145752623,-1.4808871509259556,1.3513249187083411,9.82906964073807,12.055915760274448,-0.030544572700839847,0.07083619728554359,0.056522417327138565,0.27722705928207014,0.2691692135552722,1.275619246152152,-20.08479630365217,53.61949780879377,1,single_deterministic_fit,participant_resample_within_seed
PPG-BP,demographics,demographics,sbp,none,none,False,not_applicable,not_applicable,source-faithful-v3,age/sex/BMI,20260715,219.0,219.0,13.95000131706078,18.2789774064003,-0.013098133123937206,18.278972713547148,0.1916904117996513,0.44013052998962965,0.9072610650864136,11.87738550967301,12.452653925532022,15.493238166479887,16.39413910142766,20.086030513841376,-2.4032885113216724,2.490863964466281,16.31345044727252,20.032241795569938,0.0837875242522458,0.2743353069036254,0.32793477029763063,0.526988592559417,0.6954573088945459,1.0997598743584704,-12.392678277183855,38.79104489039124,1,single_deterministic_fit,participant_resample_within_seed
PPG-BP,handcrafted_ppg,ppg_features,dbp,handcrafted_morphology_and_statistics_v1,none,False,not_applicable,not_applicable,source-faithful-v3,none,20260715,219.0,219.0,8.494205043891897,10.666721643076691,-0.07295301892670619,10.666472165993317,0.07417831541929043,0.27390315114330244,1.1152605788060537,-8.200032015499186,7.653157474914358,9.385134433314068,9.620494040970232,11.662788608034958,-1.4957757856641534,1.3315276755754981,9.575024034225772,11.619701885244112,0.011976213622737576,0.1252158891800494,0.16151194983944328,0.38452178032843226,0.6415113856965136,1.666424874917578,-47.15735886210092,25.22162639843809,1,single_deterministic_fit,participant_resample_within_seed
PPG-BP,handcrafted_ppg,ppg_features,sbp,handcrafted_morphology_and_statistics_v1,none,False,not_applicable,not_applicable,source-faithful-v3,none,20260715,219.0,219.0,13.26757045192977,17.5004404553956,-0.21553136693316516,17.499113187893695,0.25907901250450927,0.5125989357503521,1.1318632130454571,-16.62731386279272,11.809347526098268,14.858590142440674,15.683043031222384,19.326631722236662,-2.6159293823359167,1.9843165635779332,15.645501027064851,19.277983427252035,0.17148272498912637,0.33339720342451873,0.42196853176198434,0.5948307232947856,0.9189884608051736,1.344702025292694,-43.487769660547706,9.725266289331413,1,single_deterministic_fit,participant_resample_within_seed
PPG-BP,handcrafted_ppg,ppg_features_demographics,dbp,handcrafted_morphology_and_statistics_v1,none,False,not_applicable,not_applicable,source-faithful-v3,age/sex/BMI,20260715,219.0,219.0,8.061503667998222,10.200492700459515,-0.15633956132524096,10.199294547844596,0.15334257094292714,0.39250526888801773,0.9451460788197725,4.088980388971428,7.244596747588517,8.88838195784003,9.175516551292533,11.153057488812864,-1.4745076893674434,1.233315844840659,9.14263200784036,11.105899881462818,0.0488256595885063,0.2331014402797517,0.28457270005186996,0.4942310743239651,0.6283109312260863,1.2851240130239805,-19.575656182299696,26.553306586154672,1,single_deterministic_fit,participant_resample_within_seed
PPG-BP,handcrafted_ppg,ppg_features_demographics,sbp,handcrafted_morphology_and_statistics_v1,none,False,not_applicable,not_applicable,source-faithful-v3,age/sex/BMI,20260715,219.0,219.0,12.693805413355822,16.398160041189,-0.2656848239154841,16.39600757229603,0.34947471784975226,0.5929186860652772,1.0795089070340589,-9.885974314038766,11.329723193225858,14.103454913883684,14.76336785074055,18.106668072191145,-2.40048734325,1.8582325275535287,14.684641749251183,18.009819210777525,0.2638035073957861,0.4219962350058035,0.5192483042652348,0.6589789619600475,0.9124048644088407,1.249010018094103,-31.378187334600508,10.694369765503657,1,single_deterministic_fit,participant_resample_within_seed
PPG-BP,papagei_p,finetuned,dbp,official_ppgbp_notebook_equivalent,zero,True,unknown,source_consistent_adaptation,source-faithful-v3,none,17,219.0,219.0,8.68657406392694,10.961383998551987,0.489810709284627,10.950434906102206,0.02232117518274468,0.17061381994185262,1.687999892046796,-50.259121435155336,7.792539064231353,9.626356976103509,9.850383858666065,12.029345804721732,-0.995477561643835,1.8425428853881278,9.785536833335374,12.01093507291739,-0.02600186015002614,0.047836159946721246,0.015518898200165733,0.3102600893409509,0.14681785689449256,3.3449273903758123,-169.00366304672747,60.53103694209969,1,single_neural_seed,participant_resample_within_seed
PPG-BP,papagei_p,finetuned,dbp,official_ppgbp_notebook_equivalent,zero,True,unknown,source_consistent_adaptation,source-faithful-v3,none,23,219.0,219.0,8.688119896499238,10.994040301863699,0.50399700152207,10.982481922655735,0.01648706965661062,0.1450074723780259,1.5219677632217206,-38.27009346439101,7.781048924086763,9.52468489257992,9.96136850628818,12.023073683159247,-0.9245924874429217,1.8492339669330293,9.898918637702925,12.006282242584735,-0.02479266869627253,0.04076859785083763,0.00441486269926882,0.2820051941620132,0.041152624976509865,3.207208043328398,-160.14098338792832,68.63424458135404,1,single_neural_seed,participant_resample_within_seed
PPG-BP,papagei_p,finetuned,dbp,official_ppgbp_notebook_equivalent,zero,True,unknown,source_consistent_adaptation,source-faithful-v3,none,42,219.0,219.0,8.711790902587518,11.006988011563937,0.5636199984779302,10.99254827526484,0.014169134096560732,0.1309443226708604,1.17824697554566,-13.471006664549764,7.807011097945204,9.577975669863013,9.880234382866007,12.02256080881488,-0.9532095288812771,2.0335595252663623,9.821677319286708,12.001538251853363,-0.03441345061815706,0.04216402477514236,-0.0014313852065859782,0.2707810556109855,-0.011532289468566461,2.6318646814736844,-118.60333598224668,72.22848037023246,1,single_neural_seed,participant_resample_within_seed
PPG-BP,papagei_p,finetuned,sbp,official_ppgbp_notebook_equivalent,zero,True,unknown,source_consistent_adaptation,source-faithful-v3,none,17,219.0,219.0,15.841203684931505,19.87954940727548,0.3012339771689503,19.877266983348232,0.04393589929700481,0.27995028783706255,2.9476949303820876,-250.08617394638298,14.246878092617967,17.461406971917803,18.01889221267557,21.70427067816912,-2.5318878186453526,2.9688354124809724,17.896922967087004,21.631840229431816,0.011999808948410764,0.06016847116992901,0.19596006265993404,0.37619353390727467,1.8967832016067345,5.003787748748663,-512.6987870026157,-115.24454177738957,1,single_neural_seed,participant_resample_within_seed
PPG-BP,papagei_p,finetuned,sbp,official_ppgbp_notebook_equivalent,zero,True,unknown,source_consistent_adaptation,source-faithful-v3,none,23,219.0,219.0,15.84780510045662,19.923772542831138,0.44955602891932966,19.91870005084002,0.03967753521602946,0.25759095346681693,2.6897368338062178,-217.40291381737921,14.291684333904112,17.486571858675802,18.043677789506464,21.7431266213885,-2.1404067632420087,3.219512879832567,17.980434232480377,21.700208774869168,0.005374287246027116,0.05549992114843084,0.1745597401213683,0.35680276294705426,1.6520917278672624,4.769928586881533,-485.341594592954,-84.4421356405416,1,single_neural_seed,participant_resample_within_seed
PPG-BP,papagei_p,finetuned,sbp,official_ppgbp_notebook_equivalent,zero,True,unknown,source_consistent_adaptation,source-faithful-v3,none,42,219.0,219.0,15.836438846270928,19.918988709248698,0.34613182952815913,19.91598111958747,0.04013863979037968,0.24140240072946506,2.239124159626927,-159.31502735993294,14.33171014817352,17.393528210806686,18.088943086477123,21.670681291635333,-2.293331638394214,3.0683235351217655,18.04345480651732,21.625418678255773,0.008443266372764184,0.05811912733369703,0.15940117460681788,0.33521254236809644,1.338392309060914,3.952032294096534,-378.98704911648633,-44.25800663854958,1,single_neural_seed,participant_resample_within_seed
PPG-BP,papagei_p,finetuned_demographics,dbp,official_ppgbp_notebook_equivalent,zero,True,unknown,source_consistent_adaptation,source-faithful-v3,age/sex/BMI,17,219.0,219.0,8.570721517503804,10.813966237542642,0.5807288660578386,10.798361902197914,0.04844160893226335,0.2765056132456761,2.352407031657982,-98.53562958644122,7.702035750418563,9.4659420630898,9.77057392735404,11.829070804263472,-0.8159031767123297,2.0442443834094357,9.65734722252925,11.811713801407313,-0.005195135447962395,0.07889182474587561,0.13098617194702655,0.4129369307697078,1.0337087366941708,3.7516137558200136,-199.59675707866492,-3.6395541973865346,1,single_neural_seed,participant_resample_within_seed
PPG-BP,papagei_p,finetuned_demographics,dbp,official_ppgbp_notebook_equivalent,zero,True,unknown,source_consistent_adaptation,source-faithful-v3,age/sex/BMI,23,219.0,219.0,8.560900824961948,10.814990048778208,0.4961675738203961,10.803602523874192,0.04826142300092551,0.26034425252283705,2.03391038511448,-75.29491339382766,7.681385521042619,9.455459931164384,9.782238432127883,11.891079214845357,-0.9251939001902582,1.9093007784627094,9.727007656923757,11.866654952582907,0.001472365696469944,0.07886239530370544,0.13378615282022183,0.3883791180695791,1.028635964682721,3.2608682766774764,-163.7668912755666,-2.160853482951624,1,single_neural_seed,participant_resample_within_seed
PPG-BP,papagei_p,finetuned_demographics,dbp,official_ppgbp_notebook_equivalent,zero,True,unknown,source_consistent_adaptation,source-faithful-v3,age/sex/BMI,42,219.0,219.0,8.60020202435312,10.886107857762514,0.4487476377473366,10.87685477739107,0.035703277825465785,0.2103442503804674,1.6528580088297964,-47.64911689839527,7.744096614459665,9.474768423439878,9.822631901737156,11.933040394329234,-0.9867179298325717,1.8497848277016746,9.746878195024546,11.893974374659111,-0.014819221574361434,0.06548309872202575,0.0670160643281907,0.33876573158816353,0.5128591911747512,2.819754043926836,-131.1652593758533,35.3175282856785,1,single_neural_seed,participant_resample_within_seed
PPG-BP,papagei_p,finetuned_demographics,sbp,official_ppgbp_notebook_equivalent,zero,True,unknown,source_consistent_adaptation,source-faithful-v3,age/sex/BMI,17,219.0,219.0,14.85191814155251,18.688513457794134,1.594593447488586,18.620360012614658,0.1550647018944168,0.5229291825445621,2.782892013924946,-232.55006643977424,13.368468760426184,16.310169603995437,16.94929193032274,20.247831506628362,-0.8540657015601217,4.03137048976408,16.75332719053723,20.19795550715653,0.10522185142757368,0.18936368155282648,0.43995952124459303,0.5945927447487684,2.241073929002616,3.3876331685255616,-310.3876367064089,-163.02116180650032,1,single_neural_seed,participant_resample_within_seed
PPG-BP,papagei_p,finetuned_demographics,sbp,official_ppgbp_notebook_equivalent,zero,True,unknown,source_consistent_adaptation,source-faithful-v3,age/sex/BMI,23,219.0,219.0,14.535427383561643,18.44088947191173,0.9607497366818865,18.415845472275517,0.1773072538552678,0.5210527251136667,2.392226190399337,-180.42699668702755,13.062981889459664,15.99663534687977,16.658839987326697,20.10972779911447,-1.544017618873668,3.3764259966894974,16.528497374683134,20.104310471856994,0.130662784538897,0.21544360324673176,0.4475528650590106,0.594505395235124,1.9561050914748987,2.8704380431888716,-241.6608132046095,-124.63007241372448,1,single_neural_seed,participant_resample_within_seed
PPG-BP,papagei_p,finetuned_demographics,sbp,official_ppgbp_notebook_equivalent,zero,True,unknown,source_consistent_adaptation,source-faithful-v3,age/sex/BMI,42,219.0,219.0,14.4966808782344,18.418147160176076,0.7709016636225265,18.402006831835656,0.1793351818320984,0.5135672221949168,2.2773841211306616,-165.19081306193902,12.972997105365293,15.990640449771693,16.60505595975641,20.122952630410474,-1.543750901750381,3.261291664916286,16.519484597159515,20.07695992756459,0.13287110489849918,0.21696606773311727,0.4361064095056606,0.5857314284423027,1.8452379869465867,2.767187109333682,-227.6739813225453,-110.09334752692021,1,single_neural_seed,participant_resample_within_seed
PPG-BP,papagei_p,frozen,dbp,official_ppgbp_notebook_equivalent,zero,True,unknown,released_exact,source-faithful-v3,none,20260715,219.0,219.0,8.545962590288429,10.689857546857,0.0677726584672673,10.68964270866243,0.07015778285057239,0.26569140822022175,0.9302580972717319,4.947861878286723,7.782004649166193,9.354019200823432,9.76010998383116,11.621822663299753,-1.395405546437464,1.5095325915412086,9.726008560774048,11.598725784822898,-0.008461245936277843,0.12409418541628497,0.14123486269643434,0.37014854898485333,0.4886364531939975,1.4089101739513339,-28.858777956159813,36.81688713661434,1,single_deterministic_fit,participant_resample_within_seed
PPG-BP,papagei_p,frozen,sbp,official_ppgbp_notebook_equivalent,zero,True,unknown,released_exact,source-faithful-v3,none,20260715,219.0,219.0,13.857615595920642,17.84308651072763,-0.11204733278202847,17.842734701399525,0.22978158010729088,0.4887963767349998,1.2426489176955846,-30.906530137115954,12.354740369034847,15.468350831182574,15.964997467063924,19.643631005244067,-2.675730413353942,2.358599805747385,15.93335102999429,19.563350389242103,0.14715830799798452,0.2989124653958185,0.3893553882991395,0.5787515460721504,0.9594818237497978,1.5507158991025736,-69.15814974217714,4.724197235125156,1,single_deterministic_fit,participant_resample_within_seed
PPG-BP,papagei_p,frozen_demographics,dbp,official_ppgbp_notebook_equivalent,zero,True,unknown,released_exact,source-faithful-v3,age/sex/BMI,20260715,219.0,219.0,8.113958273340362,10.22797006073527,0.0603132948316136,10.227792228519485,0.14877509656194465,0.3873390094259398,0.9170720079534327,5.903007794153807,7.2724976737621585,8.94845797282253,9.208759528373074,11.191946751355523,-1.2351019849773666,1.4442200346394347,9.184191552468361,11.147598252985588,0.04498205545929466,0.2231551104077674,0.2805952542314323,0.4833411306091255,0.6254028956480625,1.2354750451965264,-16.685671597455194,26.37436000948538,1,single_deterministic_fit,participant_resample_within_seed
PPG-BP,papagei_p,frozen_demographics,sbp,official_ppgbp_notebook_equivalent,zero,True,unknown,released_exact,source-faithful-v3,age/sex/BMI,20260715,219.0,219.0,12.794788047591252,16.360771260359783,0.0036072182949392594,16.360770862700534,0.35243780870111374,0.5948361988691888,1.0669264485729817,-8.5667668512848,11.485864374330777,14.209729196632178,14.789283925854582,17.949971975178062,-2.135427612218189,2.067010226351208,14.75971807630668,17.942737374733305,0.2552361361641315,0.43587846674727837,0.5139650269859872,0.6672339671672002,0.8940305654152592,1.2531722745343512,-31.670135596811818,13.232409151085431,1,single_deterministic_fit,participant_resample_within_seed
PPG-BP,papagei_s,finetuned,dbp,official_ppgbp_notebook_equivalent,zero,True,unknown,source_consistent_adaptation,source-faithful-v3,none,17,219.0,219.0,8.827629996955858,11.178973991614406,0.5132270471841702,11.167186642267154,-0.01687908790725512,-0.04070521146247209,-0.46611468433789827,105.57855854462996,7.89834834969558,9.742620174391174,10.013019112966496,12.330963667691435,-0.8965550729832575,1.9657848767503783,9.95117731506039,12.298028065218707,-0.05942050038493892,0.004627482209888714,-0.17188936182529302,0.08991532921518816,-2.0101673597855245,1.0256762759128895,-2.1330569854196493,218.72454078105324,1,single_neural_seed,participant_resample_within_seed
PPG-BP,papagei_s,finetuned,dbp,official_ppgbp_notebook_equivalent,zero,True,unknown,source_consistent_adaptation,source-faithful-v3,none,23,219.0,219.0,8.817208298325722,11.156696233309674,0.5689371141552513,11.14218028046948,-0.01283019862158219,-0.01673598624915852,-0.19547179861664685,86.0050410753093,7.971540297412481,9.758585272792995,10.063857829555724,12.247597718492274,-0.9162212515601204,1.9388202687214595,9.972879659668443,12.239217836967724,-0.05315126602259643,0.007944712302836438,-0.13174061285716054,0.1100893859254296,-1.5820525446623148,1.276178061222936,-21.648570985142413,186.55156746401184,1,single_neural_seed,participant_resample_within_seed
PPG-BP,papagei_s,finetuned,dbp,official_ppgbp_notebook_equivalent,zero,True,unknown,source_consistent_adaptation,source-faithful-v3,none,42,219.0,219.0,8.733063465753425,11.09896448946944,0.21835377625570815,11.096816406830316,-0.002375281541049823,0.026295059766543453,0.33689276793263523,47.57023863293321,7.844405157876714,9.691074887861486,9.966561487947976,12.205840980546622,-1.2482745701293765,1.6293876445966533,9.940085806771464,12.178238852287501,-0.03161981093799721,0.014924585887140586,-0.09600597476643691,0.15082179197616194,-1.2371089860827027,1.9557039066392687,-68.81913111260177,161.2813660046218,1,single_neural_seed,participant_resample_within_seed
PPG-BP,papagei_s,finetuned,sbp,official_ppgbp_notebook_equivalent,zero,True,unknown,source_consistent_adaptation,source-faithful-v3,none,17,219.0,219.0,15.732023246575345,19.681577518611867,1.914530686453577,19.58823794708844,0.06288314639494352,0.3544259348604531,2.8972236149876416,-248.2874887764744,14.194133913888896,17.31414762872907,17.92459031987325,21.390732978179823,-0.7439302221080677,4.462984593683411,17.662012485852244,21.325507359740826,0.010972700989369406,0.09290339524999375,0.24041272063152486,0.46500028361283985,1.9130140660148505,3.867887513095938,-375.0740086012211,-120.62079778298298,1,single_neural_seed,participant_resample_within_seed
PPG-BP,papagei_s,finetuned,sbp,official_ppgbp_notebook_equivalent,zero,True,unknown,source_consistent_adaptation,source-faithful-v3,none,23,219.0,219.0,15.72639109284627,19.735841740589336,1.5967249710806697,19.67114431283335,0.05770855924494167,0.33504670127510533,2.91110957858849,-249.16554908393778,14.16704306217656,17.273246927663624,17.973614781266054,21.405838938790374,-0.8807388692922362,4.182280810312023,17.787904338120967,21.318993108995656,0.012632846875423851,0.08522889156988693,0.21118949019888414,0.44225769568860207,1.8513387325376078,3.888813392146591,-375.03618024377596,-112.75805102994947,1,single_neural_seed,participant_resample_within_seed
PPG-BP,papagei_s,finetuned,sbp,official_ppgbp_notebook_equivalent,zero,True,unknown,source_consistent_adaptation,source-faithful-v3,none,42,219.0,219.0,15.673037430745813,19.66413152847603,1.0731898721461195,19.634824477634837,0.06454375367326459,0.3682770983863228,3.443828191677868,-316.3719816774224,14.07433653242009,17.22299881464992,17.908268502051794,21.395719556694484,-1.46701618763318,3.6183532359208526,17.734262661381564,21.34812173810452,0.024067948339415182,0.08882842572016462,0.24821837964931995,0.47487083280768244,2.3299034182247635,4.565286375715079,-459.56211512416405,-173.74832165866465,1,single_neural_seed,participant_resample_within_seed
PPG-BP,papagei_s,finetuned_demographics,dbp,official_ppgbp_notebook_equivalent,zero,True,unknown,source_consistent_adaptation,source-faithful-v3,age/sex/BMI,17,219.0,219.0,8.722691031963471,10.98494031982978,0.9892463105022824,10.940306465880179,0.018114541582553323,0.16417633699608353,1.2199820199119247,-17.01242017013241,7.848000890068493,9.592768369178083,9.890967575753715,12.026102293565312,-0.5599115105022838,2.439319455327245,9.740487714211971,12.000008331539881,-0.038216899940824084,0.05311697192157283,0.03488584470111374,0.2861640906730024,0.2544286551185414,2.139670471791212,-83.98012416594747,53.2789275098226,1,single_neural_seed,participant_resample_within_seed
PPG-BP,papagei_s,finetuned_demographics,dbp,official_ppgbp_notebook_equivalent,zero,True,unknown,source_consistent_adaptation,source-faithful-v3,age/sex/BMI,23,219.0,219.0,8.606474808219177,10.912196968749363,0.6508811430745817,10.892768078976653,0.031075767180722358,0.2048388621211994,1.7270419148653735,-53.3615626248481,7.705196043112638,9.521162624619475,9.77399197587462,12.066452776776806,-0.8514184084855395,2.034217628919331,9.719444178020758,12.032901426488282,-0.011264197902830318,0.05991319982940945,0.08131621055245114,0.32533714155289994,0.7183560418358702,2.682173532794552,-122.88627205019664,19.824598957641875,1,single_neural_seed,participant_resample_within_seed
PPG-BP,papagei_s,finetuned_demographics,dbp,official_ppgbp_notebook_equivalent,zero,True,unknown,source_consistent_adaptation,source-faithful-v3,age/sex/BMI,42,219.0,219.0,8.628054488584475,10.906885870180412,0.691475751902588,10.884944679219636,0.03201871199707895,0.21582860798393144,1.918134101360605,-67.29364954377426,7.748529728691014,9.557941948706246,9.843987710082262,12.011313378183978,-0.7083423124048702,2.116790898668189,9.757901502277162,11.99190996939688,-0.01098026674922706,0.05921228217435587,0.09498966010054234,0.3362373225791397,0.8505360361491912,2.961422073067241,-142.50990500879016,10.19530636120392,1,single_neural_seed,participant_resample_within_seed
PPG-BP,papagei_s,finetuned_demographics,sbp,official_ppgbp_notebook_equivalent,zero,True,unknown,source_consistent_adaptation,source-faithful-v3,age/sex/BMI,17,219.0,219.0,14.916481135464231,18.88967237559636,1.769641184170471,18.806597048287493,0.13677742508705737,0.4514477121501683,2.1743851591895886,-154.10483203248174,13.474234612138504,16.464967639764083,17.13815901858153,20.68324274515946,-0.6655338479071558,4.101159027016743,16.932093820479036,20.636773854038278,0.08362764335591819,0.17806286339387467,0.3616283634231357,0.5306071079550432,1.7563413324242785,2.651009157614759,-216.65208838923613,-100.28896860935534,1,single_neural_seed,participant_resample_within_seed
PPG-BP,papagei_s,finetuned_demographics,sbp,official_ppgbp_notebook_equivalent,zero,True,unknown,source_consistent_adaptation,source-faithful-v3,age/sex/BMI,23,219.0,219.0,14.900756016742768,18.896553386165866,0.8158041476407919,18.878935178365033,0.13614841200434658,0.46034394923478555,2.448323351183045,-187.3033811124641,13.38598833599695,16.413269913926936,16.996055302849236,20.651797374972467,-1.6759390483257224,3.2563416593607304,16.89298781258147,20.63167238313177,0.0915309781596463,0.17425214833099167,0.3701794826161782,0.5428398208530147,1.9734533978094606,2.944608253943035,-251.45045814533356,-127.12630256083402,1,single_neural_seed,participant_resample_within_seed
PPG-BP,papagei_s,finetuned_demographics,sbp,official_ppgbp_notebook_equivalent,zero,True,unknown,source_consistent_adaptation,source-faithful-v3,age/sex/BMI,42,219.0,219.0,14.985921455098932,18.890180346810705,1.639894267884322,18.81886448022817,0.13673099780057363,0.46762975602059365,2.423391325686169,-186.09020118641996,13.5211975747717,16.52507641563928,17.244224560753175,20.53339514226945,-1.0795520101978704,4.2330975547564655,17.035392908741013,20.466602623366956,0.08527455078559235,0.17394699427083432,0.37414138954959786,0.5469847388498137,1.9563811934240112,2.897795426788103,-247.63398166766626,-126.18901259705419,1,single_neural_seed,participant_resample_within_seed
PPG-BP,papagei_s,frozen,dbp,official_ppgbp_notebook_equivalent,zero,True,unknown,released_exact,source-faithful-v3,none,20260715,219.0,219.0,8.55491879841168,10.75943105861327,-0.01657747543467375,10.759418287823932,0.05801488776863106,0.2423741031837466,0.8998244548075427,7.2124611264860174,7.645748236379391,9.41964426274109,9.663312155522453,11.77200647464705,-1.3952510145764365,1.388397093392478,9.620648358564786,11.751832824979232,-0.0020310900305418023,0.10666348371862118,0.14428148884075653,0.3425426466072934,0.5216116614934649,1.348842200985727,-25.020152012008733,34.37014083371857,1,single_deterministic_fit,participant_resample_within_seed
PPG-BP,papagei_s,frozen,sbp,official_ppgbp_notebook_equivalent,zero,True,unknown,released_exact,source-faithful-v3,none,20260715,219.0,219.0,13.829459576896456,18.023548404302723,-0.398177350717932,18.01914958813591,0.2141230828491495,0.4654016899654829,0.9105150599086009,11.811715521653685,12.300555795051752,15.491207845987923,16.15867803048946,19.945917967347615,-2.78905635815585,1.9994769258275662,16.109237591625053,19.86303780365451,0.08873667336629476,0.3128139319990157,0.3673744518793595,0.5723960314748754,0.640527776084806,1.269557679138982,-33.609608262364816,46.25671699159176,1,single_deterministic_fit,participant_resample_within_seed
PPG-BP,papagei_s,frozen_demographics,dbp,official_ppgbp_notebook_equivalent,zero,True,unknown,released_exact,source-faithful-v3,age/sex/BMI,20260715,219.0,219.0,8.077759359044123,10.282838614844243,-0.1063259818063853,10.282288887427974,0.13961770627671666,0.3785305525675357,0.8635791733742088,9.893563857617327,7.24871894858875,8.941337137276484,9.290208086330752,11.253571102256778,-1.563338159607137,1.2719290508082337,9.262998283977364,11.226624506310742,0.04728599970503529,0.2157159506192259,0.2866885477068345,0.47276814683760854,0.6133435754128898,1.1756723203016024,-12.49377836042581,27.234333813000895,1,single_deterministic_fit,participant_resample_within_seed
PPG-BP,papagei_s,frozen_demographics,sbp,official_ppgbp_notebook_equivalent,zero,True,unknown,released_exact,source-faithful-v3,age/sex/BMI,20260715,219.0,219.0,12.883716202332966,16.73161381930185,-0.23767771803297302,16.7299255916039,0.3227490816528992,0.5684392685304209,0.9736067815693221,3.608290393481953,11.523628102366613,14.33409509753771,14.985853575516769,18.488620758655916,-2.4276893308247325,1.972336717804089,14.975507737187922,18.438414939682186,0.2118882912670904,0.41467797531702094,0.484602391193077,0.6509813735362695,0.7607990982393763,1.2164018432938402,-27.54508652877891,30.542254405266238,1,single_deterministic_fit,participant_resample_within_seed
PPG-BP,pulseppg,finetuned,dbp,official_ppgbp_script_equivalent,zero,True,none,source_consistent_adaptation,source-faithful-v3,none,17,219.0,219.0,8.837719710806697,11.217192620001141,0.17133485235920826,11.215884033038817,-0.02384397709488173,-0.1681351876793755,-2.8198931474109354,274.93985225238674,7.959024169824956,9.74747268017503,10.10462313042587,12.33114864169981,-1.344066375951292,1.6154739610730602,10.037088192501392,12.2726146005039,-0.05300079302804056,-0.010650923493328043,-0.29104919990184536,-0.036500862087695166,-4.985448589563321,-0.5908400221384683,114.12620620014503,430.9834953691998,1,single_neural_seed,participant_resample_within_seed
PPG-BP,pulseppg,finetuned,dbp,official_ppgbp_script_equivalent,zero,True,none,source_consistent_adaptation,source-faithful-v3,none,23,219.0,219.0,8.817316312024353,11.202781614675837,0.11575242465753457,11.20218359438484,-0.021214951510300617,-0.16083426344416585,-2.877196525769205,278.9069572365326,7.893544104908672,9.751092849048709,10.024691658031205,12.304078939319883,-1.4321695669710819,1.593662514231354,9.99079906863896,12.2679332441845,-0.04986197350959119,-0.008909539954063477,-0.2799280889668915,-0.027461763752368126,-5.066977479616387,-0.5037138895038185,108.36256626617707,437.22936454088034,1,single_neural_seed,participant_resample_within_seed
PPG-BP,pulseppg,finetuned,dbp,official_ppgbp_script_equivalent,zero,True,none,source_consistent_adaptation,source-faithful-v3,none,42,219.0,219.0,8.883889619482495,11.232103748578147,0.4505908493150684,11.223062082396979,-0.026567798780453566,-0.1375329594695387,-1.9148161483326565,210.29034244284406,7.967124830060881,9.83409614840183,10.137914219542536,12.318592572263443,-1.104201613622528,1.9088006850456622,10.066924377402108,12.276686791372347,-0.0645732210485925,-0.010557275033631065,-0.25848693847612936,-0.011702113000881857,-3.73451053474873,-0.1606593618936327,83.04696959990322,341.9119537040157,1,single_neural_seed,participant_resample_within_seed
PPG-BP,pulseppg,finetuned,sbp,official_ppgbp_script_equivalent,zero,True,none,source_consistent_adaptation,source-faithful-v3,none,17,219.0,219.0,16.231019946727546,20.361024210914284,0.18150143835616506,20.36021522836417,-0.0029359043768983906,-0.04724751830335646,-1.9615798038711365,379.2759661059408,14.696694916704713,17.92631017762556,18.516260146524626,22.282807373676665,-2.5000720718797544,2.756117118112633,18.432462336712977,22.251533541234732,-0.026799207865778538,0.0020273424186827336,-0.17681724889157968,0.09173099652467545,-7.57507514756121,3.7095954885713134,-348.97741083529695,1099.7983593365088,1,single_neural_seed,participant_resample_within_seed
PPG-BP,pulseppg,finetuned,sbp,official_ppgbp_script_equivalent,zero,True,none,source_consistent_adaptation,source-faithful-v3,none,23,219.0,219.0,16.22034597260274,20.360809986547913,0.23854886757990923,20.35941250984629,-0.002914800116510019,-0.03856043960139211,-1.4420947887110662,312.79832962072624,14.641980625989339,17.82514718143074,18.521389504608777,22.148728089088188,-2.4539821725266306,2.925475157153727,18.458252971877133,22.08298258508372,-0.027563676954670074,0.00271096172630639,-0.16204997989843556,0.09339910053299527,-6.211988704050534,3.3435903298377356,-300.33109110964455,924.5895659614805,1,single_neural_seed,participant_resample_within_seed
PPG-BP,pulseppg,finetuned,sbp,official_ppgbp_script_equivalent,zero,True,none,source_consistent_adaptation,source-faithful-v3,none,42,219.0,219.0,16.2056340456621,20.34742823177326,-0.062330057838660746,20.34733276405174,-0.001596940006386438,-0.030527765667253626,-1.55225556063222,326.4521099622888,14.61256770932269,17.84488913721461,18.521931005642326,22.203280042003147,-2.8525740386986262,2.669474667922371,18.504580221876353,22.15527533285317,-0.027353957630774046,0.0027187303061097377,-0.15913073680211232,0.11128436091393394,-8.229923822117236,5.5238621667612895,-577.3079759501693,1182.6490576217534,1,single_neural_seed,participant_resample_within_seed
PPG-BP,pulseppg,finetuned_demographics,dbp,official_ppgbp_script_equivalent,zero,True,none,source_consistent_adaptation,source-faithful-v3,age/sex/BMI,17,219.0,219.0,8.899335223744291,11.272881587332645,0.3498485175038051,11.267451588394945,-0.03403518068782585,-0.1577304303678028,-1.9019371482626164,209.16758636619025,7.984173135464237,9.828648941704717,10.173187068489538,12.406043956714088,-1.1512580207001513,1.7912395593226786,10.108679954827887,12.367453944454308,-0.06980359688743294,-0.01456057067530146,-0.28484931977759237,-0.028064992254397826,-3.531238193424238,-0.3608026913746757,97.35974121628065,326.87619405640817,1,single_neural_seed,participant_resample_within_seed
PPG-BP,pulseppg,finetuned_demographics,dbp,official_ppgbp_script_equivalent,zero,True,none,source_consistent_adaptation,source-faithful-v3,age/sex/BMI,23,219.0,219.0,8.842377359208523,11.230317761021697,0.1437661659056317,11.22939750400974,-0.026241360992757423,-0.1580952072841922,-2.3288513658487964,239.51050063288614,7.946982928348547,9.831916513242005,10.124209946270422,12.382781803430746,-1.3799687332191788,1.629665053348551,10.055478030422583,12.36524935858378,-0.05792023769386165,-0.009988930677145007,-0.2766633611868415,-0.024225787168013522,-4.188157286608853,-0.35531893668539166,97.65280615179414,373.67783821185486,1,single_neural_seed,participant_resample_within_seed
PPG-BP,pulseppg,finetuned_demographics,dbp,official_ppgbp_script_equivalent,zero,True,none,source_consistent_adaptation,source-faithful-v3,age/sex/BMI,42,219.0,219.0,8.840295299847792,11.202886131527233,0.27294890410958883,11.199560552615917,-0.021234006540183703,-0.1592372094609955,-2.8846148890656957,279.89427155698945,7.936566278158293,9.757604769596645,10.056460748165497,12.31605974896669,-1.1033300302511417,1.723026157838659,10.025879605862752,12.300804198754905,-0.05012506001593243,-0.008850749603411924,-0.27466839166814444,-0.03203017045277902,-5.034140973636707,-0.5853484800174005,114.49499558199503,435.2875099757815,1,single_neural_seed,participant_resample_within_seed
PPG-BP,pulseppg,finetuned_demographics,sbp,official_ppgbp_script_equivalent,zero,True,none,source_consistent_adaptation,source-faithful-v3,age/sex/BMI,17,219.0,219.0,16.22297404109589,20.358743077317076,0.11340238203957309,20.358427237582813,-0.0027111904719558932,-0.047844784106890345,-2.112558939907111,398.4765623493052,14.727639834893443,17.84010468006088,18.51147146405585,22.200945443971634,-2.630019317085235,2.7402143824581424,18.40222941076188,22.150751250650906,-0.025376510900445865,0.0022131070270927505,-0.18367669933459185,0.09155846986943499,-8.278391731443081,4.0359707451356925,-389.46093556016655,1186.8787618864228,1,single_neural_seed,participant_resample_within_seed
PPG-BP,pulseppg,finetuned_demographics,sbp,official_ppgbp_script_equivalent,zero,True,none,source_consistent_adaptation,source-faithful-v3,age/sex/BMI,23,219.0,219.0,16.213800318112632,20.362060278042154,0.17664076255707872,20.361294084797883,-0.003037975407172544,-0.04367502853969048,-1.6727092820769949,342.2558069253023,14.634723497336374,17.77715779722222,18.474756894888973,22.11206773825933,-2.492108463013694,2.9717414586757966,18.401179610040437,22.062915669110165,-0.02902709664038842,0.0030091413714608693,-0.16808606025108963,0.09845583907917851,-6.553799672191438,3.649301079830721,-339.36348536118555,968.2475532629425,1,single_neural_seed,participant_resample_within_seed
PPG-BP,pulseppg,finetuned_demographics,sbp,official_ppgbp_script_equivalent,zero,True,none,source_consistent_adaptation,source-faithful-v3,age/sex/BMI,42,219.0,219.0,16.205778278538812,20.34634498797157,-0.01404407458143142,20.34634014100632,-0.0014902980480893113,-0.041578250771745824,-2.743677000502211,478.94699067353156,14.53227993881278,17.911254639611872,18.406307452055128,22.212373442116075,-2.6917496526255698,2.6744308745814274,18.323067934560264,22.156234249521134,-0.025441547510054008,0.0019696212653329314,-0.17337781355999626,0.10105654612207608,-11.554246989012732,6.580553348642171,-714.3724914040865,1606.3716054290196,1,single_neural_seed,participant_resample_within_seed
PPG-BP,pulseppg,frozen,dbp,official_ppgbp_script_equivalent,zero,True,none,released_exact,source-faithful-v3,none,20260715,219.0,219.0,8.510821097853412,10.65167689408809,-0.2628309187713108,10.648433714128474,0.07678810172407247,0.2867263747724869,0.804387542028604,14.266039040828815,7.666788842854019,9.357551106155746,9.60318180037961,11.659054740815568,-1.6767703834655299,1.0598604383541055,9.578921941165104,11.6048277755716,-0.010279231212845972,0.14651170320266255,0.18247343587287407,0.3914758486596897,0.4823492397983675,1.1596031849495771,-10.56832776206905,36.845024763770006,1,single_deterministic_fit,participant_resample_within_seed
PPG-BP,pulseppg,frozen,sbp,official_ppgbp_script_equivalent,zero,True,none,released_exact,source-faithful-v3,none,20260715,219.0,219.0,13.585886603860285,17.523837073372594,-0.36626638028480457,17.52000898152683,0.2570965900518798,0.5073746722079167,0.9944811092516447,1.0703606069641536,12.165219385420935,15.066839606034138,15.783251511629945,19.247493081890887,-2.699336817419567,1.9310909904639866,15.729943291419215,19.2015540781696,0.15288295124328852,0.3390025266448261,0.4113806454338096,0.592212318135747,0.7775215078312601,1.2203258447786898,-27.796781483280636,29.00476755839805,1,single_deterministic_fit,participant_resample_within_seed
PPG-BP,pulseppg,frozen_demographics,dbp,official_ppgbp_script_equivalent,zero,True,none,released_exact,source-faithful-v3,age/sex/BMI,20260715,219.0,219.0,7.773507165037202,10.037799605424773,-0.07116214022029682,10.037547353236498,0.1801347730130496,0.4257329919039619,0.9285675852729721,5.198448928532696,6.9446671132172275,8.658555437673499,8.991535839458605,11.056166305500625,-1.3791717061625774,1.258204344226942,8.97208109211343,11.017404444786637,0.07570639590379154,0.2630835113357719,0.32107629997696113,0.5187449175346345,0.6743916422827079,1.1923345826139797,-13.333550737444083,23.377109499758443,1,single_deterministic_fit,participant_resample_within_seed
PPG-BP,pulseppg,frozen_demographics,sbp,official_ppgbp_script_equivalent,zero,True,none,released_exact,source-faithful-v3,age/sex/BMI,20260715,219.0,219.0,12.963678515178062,16.623288785017014,-0.417626006339558,16.61804195893431,0.33149010842483106,0.5773309255607728,0.9391564759644103,8.176853353212428,11.579465443927761,14.392301743917155,14.99367422809916,18.205173769630665,-2.560813907819803,1.8504427695672356,14.945638184566796,18.172403092373493,0.22553459757415614,0.4183940965774723,0.49953700731460293,0.6520237663893543,0.7677616263860182,1.1117535114192565,-13.458781640007038,29.50575099711754,1,single_deterministic_fit,participant_resample_within_seed
PulseDB-MIMIC,anyppg,finetuned,dbp,source_consistent_filter_resample_zscore_adaptation,none,False,exact_dataset_overlap,source_consistent_adaptation,source-faithful-v3,none,17,300.0,3000.0,9.864700919020768,13.77157589110657,-3.34587609979888,13.358945154813023,0.05513628342555088,0.38143742067872316,0.6722438925683468,22.42329916778847,9.136373939974979,10.648922049948457,12.371175913263956,15.24408971678337,-4.582097282400015,-2.090250749933739,12.069859030339439,14.6863793898277,-0.023417950851170453,0.12689705892263592,0.3244689878268248,0.4377967908511947,0.5566699875789781,0.7838812065807945,16.018549717957743,29.212066337891642,1,single_neural_seed,participant_resample_within_seed
PulseDB-MIMIC,anyppg,finetuned,dbp,source_consistent_filter_resample_zscore_adaptation,none,False,exact_dataset_overlap,source_consistent_adaptation,source-faithful-v3,none,23,300.0,3000.0,9.93371665348629,13.5522570068556,-0.37046899946554623,13.54719242870277,0.08499145292334731,0.35720864076945663,0.6356486950636583,22.662051296278367,9.229967301180427,10.745167269668856,12.211966997576285,15.192074908808477,-1.65552434155549,0.7862417913994987,12.192889997240872,15.143680981498102,0.010516016703586014,0.15179747479552108,0.29271912094909563,0.4183261474470745,0.5192217847348399,0.7682273330451338,14.774024646086145,29.733356981513445,1,single_neural_seed,participant_resample_within_seed
PulseDB-MIMIC,anyppg,finetuned,dbp,source_consistent_filter_resample_zscore_adaptation,none,False,exact_dataset_overlap,source_consistent_adaptation,source-faithful-v3,none,42,300.0,3000.0,9.845381134096725,13.527365670674413,-1.9685904214655467,13.383358089084172,0.08834954586375732,0.3848763920393028,0.6567224672343788,22.422247220936836,9.08577798854748,10.654494551203552,12.173624084581833,15.053827279027908,-3.2024088825762,-0.8095469205675486,12.089165761843041,14.781761844994234,0.007370824363014241,0.15492739988775225,0.327468482746246,0.4419068566423928,0.5389495920683696,0.7671410615248658,15.959083086046244,29.391942584636826,1,single_neural_seed,participant_resample_within_seed
PulseDB-MIMIC,anyppg,finetuned,sbp,source_consistent_filter_resample_zscore_adaptation,none,False,exact_dataset_overlap,source_consistent_adaptation,source-faithful-v3,none,17,300.0,3000.0,17.006603840013483,21.577565824331447,-1.2285671872594415,21.54256181538644,0.13197435924106815,0.3912639470354773,0.7430875661946753,32.10376932455191,15.983579242609391,18.115580544042306,20.26128160160024,22.982611225396617,-3.2549535293950385,0.731493414599673,20.227552469274666,22.871704329786727,0.048761568370789446,0.20495639459346945,0.3189938812128678,0.4624611384255065,0.5987017270537113,0.8935190914123109,13.850263352470192,49.91053894637912,1,single_neural_seed,participant_resample_within_seed
PulseDB-MIMIC,anyppg,finetuned,sbp,source_consistent_filter_resample_zscore_adaptation,none,False,exact_dataset_overlap,source_consistent_adaptation,source-faithful-v3,none,23,300.0,3000.0,17.389493242520913,21.847724115675188,1.392219413407226,21.80332025494253,0.11010234996202284,0.36963139203877965,0.7094700297880472,34.28448540662557,16.34573561677486,18.491382903150914,20.486736966273003,23.21632241859984,-0.6690216942696591,3.4358001614362443,20.347069067689258,23.205805472291313,0.018419660139488113,0.18448369113626084,0.2880530455196113,0.4433206721023295,0.5438382234082375,0.8617168516954542,15.514189366032936,54.52337287308861,1,single_neural_seed,participant_resample_within_seed
PulseDB-MIMIC,anyppg,finetuned,sbp,source_consistent_filter_resample_zscore_adaptation,none,False,exact_dataset_overlap,source_consistent_adaptation,source-faithful-v3,none,42,300.0,3000.0,17.173381574420645,21.70025462970314,-1.4426618305927752,21.652246484753107,0.12207520770800351,0.38606551098304487,0.7175629066935035,35.324896208588925,16.120074127924468,18.277036081318915,20.3260509814944,23.17096647522001,-3.404703403050424,0.5478873645078663,20.288632809366742,23.033161546960685,0.03885379253305593,0.19598810646731551,0.3111850156677269,0.4549662150075345,0.5713810052642069,0.8544171544471353,18.563394960991122,52.78898222182201,1,single_neural_seed,participant_resample_within_seed
PulseDB-MIMIC,anyppg,finetuned_demographics,dbp,source_consistent_filter_resample_zscore_adaptation,none,False,exact_dataset_overlap,source_consistent_adaptation,source-faithful-v3,age/sex,17,300.0,3000.0,9.516167753987034,13.305258629792135,-1.9002859491322135,13.16885798075098,0.11804071976172192,0.40190520436419513,0.7156659628621879,18.861307710115106,8.764593192712281,10.301455343670161,11.836853837544707,14.86515587965997,-3.1024479096266906,-0.6776569317233524,11.73133860617788,14.612136325519318,0.044121784190347006,0.1878517000787783,0.34051641132478333,0.46363553005642577,0.5958992028964967,0.8387176253330774,11.571834108993828,25.852023747503598,1,single_neural_seed,participant_resample_within_seed
PulseDB-MIMIC,anyppg,finetuned_demographics,dbp,source_consistent_filter_resample_zscore_adaptation,none,False,exact_dataset_overlap,source_consistent_adaptation,source-faithful-v3,age/sex,23,300.0,3000.0,9.670327077409606,13.562196804387924,-3.3369828267988804,13.145254952818503,0.0836487488966906,0.41543225410348505,0.6942973340837345,21.13347853831215,8.940214758596303,10.479481408423524,12.06763974109596,15.23207932408908,-4.590504239466613,-2.203647885456897,11.730233137878336,14.667848776789322,0.006057426926027322,0.16625539201353484,0.35600770813218946,0.4782107555039274,0.5923492395866881,0.8093433334167256,14.633888581045133,26.8448301133533,1,single_neural_seed,participant_resample_within_seed
PulseDB-MIMIC,anyppg,finetuned_demographics,dbp,source_consistent_filter_resample_zscore_adaptation,none,False,exact_dataset_overlap,source_consistent_adaptation,source-faithful-v3,age/sex,42,300.0,3000.0,9.66102093770926,13.357261365588041,-2.018776198465547,13.203824213050547,0.11113308639424135,0.41260084423826826,0.6768559590400065,21.25659303151732,8.949067621382326,10.43310994947648,11.99350087902895,14.82294070978604,-3.211382140897588,-0.8226604682727617,11.88824804278241,14.55811148615552,0.032214351682985934,0.1830242179154119,0.34889740332474384,0.4744262273322281,0.5696585558388124,0.7848238681535546,14.813160713863176,27.520945713971585,1,single_neural_seed,participant_resample_within_seed
PulseDB-MIMIC,anyppg,finetuned_demographics,sbp,source_consistent_filter_resample_zscore_adaptation,none,False,exact_dataset_overlap,source_consistent_adaptation,source-faithful-v3,age/sex,17,300.0,3000.0,17.3987571011752,21.998529610810287,0.2966686884072255,21.99652910636166,0.09777478461512223,0.3613588449624385,0.6666792923528319,40.269513636952695,16.354341422351673,18.487898613773886,20.602214914349595,23.332902294659863,-1.726909605711089,2.3066866221523994,20.550112572239506,23.30396462793006,0.006806796488122864,0.17233478511466857,0.2817662085270798,0.4336034268788714,0.5140493097181376,0.8101999134154827,22.930561109642298,58.73160540355626,1,single_neural_seed,participant_resample_within_seed
PulseDB-MIMIC,anyppg,finetuned_demographics,sbp,source_consistent_filter_resample_zscore_adaptation,none,False,exact_dataset_overlap,source_consistent_adaptation,source-faithful-v3,age/sex,23,300.0,3000.0,17.044504150625123,21.61842947578266,-1.710879955259442,21.550623721323706,0.12868350755056335,0.3821873145616414,0.777758740606729,28.312182641024414,15.983515910085247,18.162834298580826,20.236921801075393,23.083831269966037,-3.770291484668184,0.29408534497448213,20.18860590417459,22.955429092438717,0.04795200954150611,0.2005208390030531,0.3029122793459548,0.45482743306493517,0.6102410926868971,0.9448467465813467,8.262622538519047,48.70639518223367,1,single_neural_seed,participant_resample_within_seed
PulseDB-MIMIC,anyppg,finetuned_demographics,sbp,source_consistent_filter_resample_zscore_adaptation,none,False,exact_dataset_overlap,source_consistent_adaptation,source-faithful-v3,age/sex,42,300.0,3000.0,17.046922673878814,21.60523585315875,-1.5591794715927751,21.548901959171378,0.1297467034759059,0.38722214004000316,0.7557471990710585,30.83222027450601,16.042056024401546,18.17454433149909,20.24872913449191,23.11775309525634,-3.626692947966913,0.41354992038330385,20.21418869541267,22.976354773065108,0.04558909090928727,0.20168401649303494,0.31122779468438616,0.4574613280715112,0.5981478277661499,0.9111873074928303,12.568973046383627,49.888687431372794,1,single_neural_seed,participant_resample_within_seed
PulseDB-MIMIC,anyppg,frozen,dbp,source_consistent_filter_resample_zscore_adaptation,none,False,exact_dataset_overlap,source_consistent_adaptation,source-faithful-v3,none,20260715,300.0,3000.0,9.55168311757442,13.072921439987038,0.05486672090566702,13.072806302359483,0.14857343683404634,0.3960579889720001,0.8132327866416685,11.451282066350304,8.888925051793997,10.344451908880258,11.770543984042833,14.55206660593232,-1.2099244354628678,1.190665306301404,11.750159219611437,14.53523702614844,0.08952916463353407,0.19816350238608904,0.34091962721707636,0.4487846530328099,0.6778401004189957,0.9599778911586309,2.7859752750806765,19.50065879272994,1,single_deterministic_fit,participant_resample_within_seed
PulseDB-MIMIC,anyppg,frozen,sbp,source_consistent_filter_resample_zscore_adaptation,none,False,exact_dataset_overlap,source_consistent_adaptation,source-faithful-v3,none,20260715,300.0,3000.0,16.88205981132651,21.292717138254382,0.08143226508106943,21.292561422147305,0.15474096171182627,0.40485080824135383,0.8088751150162173,23.13793253115169,15.882889982269056,17.914144688878853,20.045470359954468,22.530424743963373,-1.7255438566422785,1.9744412195463117,20.009266598025015,22.521860555736442,0.08195402741951696,0.21954242350822503,0.3355882099356202,0.47170162806069277,0.6626017282670219,0.9543894192987801,5.6078576512897405,40.87434358512351,1,single_deterministic_fit,participant_resample_within_seed
PulseDB-MIMIC,anyppg,frozen_demographics,dbp,source_consistent_filter_resample_zscore_adaptation,none,False,exact_dataset_overlap,source_consistent_adaptation,source-faithful-v3,age/sex,20260715,300.0,3000.0,9.26222349318343,12.765300506075668,0.05547919369078605,12.765179946615838,0.18817208895054371,0.438605686283389,0.8714306955020241,7.865355665107575,8.599851949114898,9.949169900068528,11.434758656003241,14.105162507090867,-1.0493741793126052,1.1874338323030824,11.411795431481542,14.09404156057827,0.1259911091933134,0.24443063805893647,0.37962765505950474,0.49567135244496313,0.7393929058580287,1.0069885170645798,-0.5290202329446284,15.579577566487439,1,single_deterministic_fit,participant_resample_within_seed
PulseDB-MIMIC,anyppg,frozen_demographics,sbp,source_consistent_filter_resample_zscore_adaptation,none,False,exact_dataset_overlap,source_consistent_adaptation,source-faithful-v3,age/sex,20260715,300.0,3000.0,16.859983119610163,21.297972278248647,0.08084507778376171,21.29781883758161,0.1543236826303327,0.40436830927530854,0.808462604488045,23.188522296297215,15.783015939311381,17.905033568035144,20.021735445991638,22.611880707919987,-1.9137116453163676,2.066213653737191,19.97873215958823,22.576518115503237,0.07826577218525661,0.22078936321302778,0.3311028504055588,0.47215262423441656,0.6544821152849023,0.9564548067228308,5.181197328998197,41.87685882709525,1,single_deterministic_fit,participant_resample_within_seed
PulseDB-MIMIC,demographics,demographics,dbp,none,none,False,not_applicable,not_applicable,source-faithful-v3,age/sex,20260715,300.0,3000.0,9.87202648779608,13.640474520983199,0.032882635904128404,13.640434886390091,0.07304030716202636,0.27033562713951076,0.978388632235127,1.2980516018461274,9.139166556425439,10.690600491465043,12.17837680596233,15.25122070623349,-1.2189430301150461,1.295067687380425,12.154768925408803,15.210444495278914,0.023297787041793066,0.11926581263365271,0.18324969437576194,0.3573182839173468,0.6698026443888564,1.2833359618812985,-17.324033563929955,20.232146507411912,1,single_deterministic_fit,participant_resample_within_seed
PulseDB-MIMIC,demographics,demographics,sbp,none,none,False,not_applicable,not_applicable,source-faithful-v3,age/sex,20260715,300.0,3000.0,18.79041810730002,23.180261759676718,-0.004312076346088933,23.180261358602674,-0.001761474102738525,-0.01651263740040989,-0.5775985305103459,191.52820648566208,17.701112979924623,19.908401962017493,21.919017280142317,24.445698302822677,-2.2909866301894595,2.1516228031517466,21.905178843159675,24.42256200978859,-0.014948916900163318,0.0026359920038969923,-0.11013883426259856,0.08215457794769358,-3.85914265446986,2.910526352648054,-231.64704608564696,591.1351929648423,1,single_deterministic_fit,participant_resample_within_seed
PulseDB-MIMIC,handcrafted_ppg,ppg_features,dbp,handcrafted_morphology_and_statistics_v1,none,False,not_applicable,not_applicable,source-faithful-v3,none,20260715,300.0,3000.0,9.909093454207767,13.482739300985417,0.07870993628514444,13.482509551425014,0.09435463866856098,0.30911259439144134,0.9005568902417542,6.050042692978173,9.192772602496444,10.696417352606012,12.190918877114273,14.956690516230823,-1.1695396883703484,1.2908855119337337,12.152776760283308,14.93685140634367,0.045319003553012265,0.13851615422661118,0.244162884737675,0.3762688728821472,0.6907837196659253,1.1355721029958472,-8.09117036324565,19.020579786191718,1,single_deterministic_fit,participant_resample_within_seed
PulseDB-MIMIC,handcrafted_ppg,ppg_features,sbp,handcrafted_morphology_and_statistics_v1,none,False,not_applicable,not_applicable,source-faithful-v3,none,20260715,300.0,3000.0,17.49882127406636,21.913322545084295,0.1139282294949655,21.913026384400304,0.10475044003108891,0.3338239397648646,0.8035122485284764,23.763345122215014,16.460906959600887,18.568065313667496,20.74201914005238,23.14570436924747,-1.926266951806462,2.0780974691906,20.711720550177695,23.11867257748851,0.03707255929826193,0.16138034619580244,0.2585597137173453,0.40489458301230236,0.6072538799408775,1.0128215252653576,-1.0053781534595663,47.50417826648094,1,single_deterministic_fit,participant_resample_within_seed
PulseDB-MIMIC,handcrafted_ppg,ppg_features_demographics,dbp,handcrafted_morphology_and_statistics_v1,none,False,not_applicable,not_applicable,source-faithful-v3,age/sex,20260715,300.0,3000.0,9.625597013624162,13.17461481821844,0.11442887178472656,13.174117869585158,0.13527553533437198,0.36799017396721645,1.0242649752628321,-1.6107640180212726,8.930586040197316,10.348685867764154,11.820340976344001,14.626048069703474,-1.0657597607823974,1.3318708800299455,11.795408308992055,14.603814928283795,0.08195289638463683,0.1843021477173594,0.29934199862515143,0.43967730618786005,0.80425042514862,1.2532540728702866,-15.386768805591366,11.939934734994655,1,single_deterministic_fit,participant_resample_within_seed
PulseDB-MIMIC,handcrafted_ppg,ppg_features_demographics,sbp,handcrafted_morphology_and_statistics_v1,none,False,not_applicable,not_applicable,source-faithful-v3,age/sex,20260715,300.0,3000.0,17.592071445719153,22.06451727851716,0.006592341546730662,22.064516293701416,0.09235396498287085,0.315924981033021,0.7853659007834176,26.052794800385897,16.559660301204108,18.67690464538538,20.84503236277129,23.296914977015117,-2.1107379332876763,1.99869451625859,20.83701701163129,23.26834645008634,0.027511973801282508,0.14331398893516104,0.24086719584519586,0.3817469358268116,0.592327969442036,0.9734871030918196,3.966051240246976,49.591272299706134,1,single_deterministic_fit,participant_resample_within_seed
PulseDB-MIMIC,papagei_p,finetuned,dbp,official_ppgbp_notebook_equivalent,none,False,source_overlap,source_consistent_adaptation,source-faithful-v3,none,17,300.0,3000.0,10.243420261990465,13.934685560304954,0.20942061853445393,13.9331118085338,0.03262192748781356,0.22947134638255115,0.6197856711698674,23.273168615027235,9.512770559382068,11.01603202209477,12.590257979968937,15.344807556953521,-1.133169145777317,1.4206172559020376,12.536832992920829,15.338037937312068,-0.01674373162188634,0.07538722630202344,0.17018335613851931,0.291608652755473,0.4530812988611752,0.7953128993455645,12.930332234436028,33.7652764885979,1,single_neural_seed,participant_resample_within_seed
PulseDB-MIMIC,papagei_p,finetuned,dbp,official_ppgbp_notebook_equivalent,none,False,source_overlap,source_consistent_adaptation,source-faithful-v3,none,23,300.0,3000.0,10.205566979633856,13.909921303664945,0.005227547201120508,13.90992032137144,0.03605725604216625,0.23259644935749121,0.6339101879315894,22.530258011305442,9.471681052456212,11.01379873904672,12.50289068449589,15.4314312451053,-1.3171744622615278,1.2599389451305048,12.46942340391036,15.42140096531357,-0.01244015328128999,0.08119695892047463,0.16896871000892832,0.2970684933020366,0.46322155929334824,0.8203063359508517,11.099271707275769,33.27039231286798,1,single_neural_seed,participant_resample_within_seed
PulseDB-MIMIC,papagei_p,finetuned,dbp,official_ppgbp_notebook_equivalent,none,False,source_overlap,source_consistent_adaptation,source-faithful-v3,none,42,300.0,3000.0,10.226529446103145,13.937568729273059,-0.17886012113221283,13.936421030532866,0.03222157356964761,0.22429471795537234,0.6261943014161127,23.120501488613055,9.503432504165692,11.041228818962704,12.56555597033507,15.390692944223433,-1.5779334038473716,0.9855485140731434,12.540475130337281,15.369696504166741,-0.014597478950142375,0.0723478690789824,0.16711915718212283,0.2843108845704072,0.4556316852223111,0.8136139198782577,11.790235408546597,33.55082168996693,1,single_neural_seed,participant_resample_within_seed
PulseDB-MIMIC,papagei_p,finetuned,sbp,official_ppgbp_notebook_equivalent,none,False,source_overlap,source_consistent_adaptation,source-faithful-v3,none,17,300.0,3000.0,18.41405198857645,22.70730710018263,1.9016423354072263,22.62753968442419,0.03870004755237022,0.21328145464714904,0.9688623400758504,1.9378842942687107,17.397414336959507,19.445732088314344,21.55570930329678,23.870187931768108,-0.21850569570128744,4.00152493404458,21.39630875446219,23.810158167292382,-0.0004969919361848725,0.06854064473028278,0.14470069149648987,0.2810735843808291,0.6431462071186594,1.284367928566634,-37.09086600422688,41.20432346248371,1,single_neural_seed,participant_resample_within_seed
PulseDB-MIMIC,papagei_p,finetuned,sbp,official_ppgbp_notebook_equivalent,none,False,source_overlap,source_consistent_adaptation,source-faithful-v3,none,23,300.0,3000.0,18.389704649202457,22.665575973006835,2.2792110244072257,22.550688044810634,0.0422301242805414,0.227872545316392,1.0146584240115197,-4.092248445531546,17.347794496092778,19.452318549404833,21.48425722021314,23.835406940063592,0.11780294218180934,4.38217013387023,21.277888026166888,23.777488404792024,-0.00029154847668583244,0.07501749321556347,0.1532415445523641,0.29545843278207534,0.6850174740489923,1.3422681812467965,-44.39432370021866,36.96640835060149,1,single_neural_seed,participant_resample_within_seed
PulseDB-MIMIC,papagei_p,finetuned,sbp,official_ppgbp_notebook_equivalent,none,False,source_overlap,source_consistent_adaptation,source-faithful-v3,none,42,300.0,3000.0,18.268688860243174,22.58136365785844,1.0354654344072258,22.557610600030262,0.04933395282612585,0.2269992910483062,1.0656902800612134,-9.078711649728538,17.235901591381324,19.288587857508563,21.392229306447387,23.73548377625329,-1.132953230125746,3.1557408073363247,21.30549589982772,23.702527020759103,0.013745997528104384,0.07670763022264998,0.15634753450537497,0.297352041431636,0.7271980745889836,1.3960868344954906,-50.094564022428344,32.04834380888976,1,single_neural_seed,participant_resample_within_seed
PulseDB-MIMIC,papagei_p,finetuned_demographics,dbp,official_ppgbp_notebook_equivalent,none,False,source_overlap,source_consistent_adaptation,source-faithful-v3,age/sex,17,300.0,3000.0,9.90249580599408,13.680104885023262,0.11482165686778711,13.679623008414795,0.06764619640112535,0.2925547445467109,0.6863335288968152,19.22800269609003,9.149435782169292,10.663519397800723,12.190961030269838,15.206535412106739,-1.1679601386312526,1.3303513603706243,12.170428899931848,15.195448339707243,0.010872040273361057,0.12215581948459152,0.2306470575766412,0.36203287507032433,0.5329196534133485,0.8371115478744756,9.895567218893435,28.669862668547733,1,single_neural_seed,participant_resample_within_seed
PulseDB-MIMIC,papagei_p,finetuned_demographics,dbp,official_ppgbp_notebook_equivalent,none,False,source_overlap,source_consistent_adaptation,source-faithful-v3,age/sex,23,300.0,3000.0,9.88567774019141,13.628553786361469,0.13463134120112058,13.627888784023515,0.07465978338185486,0.3029025591758245,0.6990820568183579,18.427992496259588,9.16315365671163,10.703261159079283,12.276831610543596,15.157110014413636,-1.1043012959074399,1.3065420497218432,12.250609383820123,15.140442996022186,0.017667257004465746,0.12439875710138626,0.2400228394169153,0.3643040517104675,0.5510916206709111,0.8400542537032026,9.71682578800468,27.50229995600253,1,single_neural_seed,participant_resample_within_seed
PulseDB-MIMIC,papagei_p,finetuned_demographics,dbp,official_ppgbp_notebook_equivalent,none,False,source_overlap,source_consistent_adaptation,source-faithful-v3,age/sex,42,300.0,3000.0,9.919386619012627,13.661786857135914,-0.053952146465546025,13.661680324751542,0.07014141826925069,0.29534408847708066,0.693288238654884,18.916136520448166,9.19082344298513,10.697782339531145,12.232361861152631,15.185804841782126,-1.3450764487066529,1.1706289052922723,12.19136388419912,15.138283104107341,0.011890460767084809,0.11961330800152777,0.23243880402645042,0.35668450951603814,0.5374617318693335,0.8396377453407746,10.04910749779892,28.344549436529224,1,single_neural_seed,participant_resample_within_seed
PulseDB-MIMIC,papagei_p,finetuned_demographics,sbp,official_ppgbp_notebook_equivalent,none,False,source_overlap,source_consistent_adaptation,source-faithful-v3,age/sex,17,300.0,3000.0,18.369766644829692,22.690086132056212,1.7316333134072261,22.62391333850154,0.04015757295492417,0.21389613797989304,0.9911734186501748,-0.6447446679702896,17.320277732376862,19.47179830232414,21.52269720815271,23.90218878873877,-0.3919744445465323,3.7910169306515424,21.402227840929008,23.82659027495827,0.0033441966982341188,0.06862103704402416,0.14154123968183735,0.28388396939822386,0.6506296729089598,1.3238776240857357,-41.87614491763398,41.15096011300578,1,single_neural_seed,participant_resample_within_seed
PulseDB-MIMIC,papagei_p,finetuned_demographics,sbp,official_ppgbp_notebook_equivalent,none,False,source_overlap,source_consistent_adaptation,source-faithful-v3,age/sex,23,300.0,3000.0,18.366796418733276,22.64938415413472,1.8938935560738928,22.570063574563335,0.043598057489652065,0.22445543811153132,1.0454132479727043,-7.493364360864294,17.33158082818661,19.374011896562443,21.47350602206731,23.773488386638135,-0.141546889449261,4.063139262535066,21.27646306823103,23.708513098536823,0.0026881739671557802,0.07346313244540545,0.14825406759120627,0.29297585339541465,0.6863056402322932,1.3717593956107739,-46.842094454656134,36.78440541755369,1,single_neural_seed,participant_resample_within_seed
PulseDB-MIMIC,papagei_p,finetuned_demographics,sbp,official_ppgbp_notebook_equivalent,none,False,source_overlap,source_consistent_adaptation,source-faithful-v3,age/sex,42,300.0,3000.0,18.309214888175262,22.633442973539072,1.047396230740559,22.609195075726948,0.044943861037456956,0.21681222492961938,1.0201919204166614,-3.5199753167525776,17.293812230710692,19.350456210488012,21.486121146916712,23.808434051860235,-1.1274129446002312,3.2256098018979467,21.388842670421027,23.78337544537737,0.012079130768760854,0.0718205314561599,0.15063034846815593,0.28201202964942157,0.7131967955112836,1.3486676240309172,-43.82528861477125,34.12234213729421,1,single_neural_seed,participant_resample_within_seed
PulseDB-MIMIC,papagei_p,frozen,dbp,official_ppgbp_notebook_equivalent,none,False,source_overlap,source_consistent_adaptation,source-faithful-v3,none,20260715,300.0,3000.0,10.233851382616894,13.96307833282102,0.06167329865338045,13.962942130250667,0.028675727508983728,0.23146386686080733,0.5947162663176989,24.909359208008432,9.543428824924703,10.980163052609877,12.573838673071394,15.387741820317025,-1.1998201960196084,1.3567545170889512,12.544087895932195,15.379652025598292,-0.023975117993975965,0.07224479288358683,0.1694072314106246,0.2922994396222614,0.4329855809454289,0.7510049072379698,15.265678315818468,34.906590450964806,1,single_deterministic_fit,participant_resample_within_seed
PulseDB-MIMIC,papagei_p,frozen,sbp,official_ppgbp_notebook_equivalent,none,False,source_overlap,source_consistent_adaptation,source-faithful-v3,none,20260715,300.0,3000.0,18.3491467416898,22.880052227911914,0.1892746240215737,22.879269329868873,0.02401829510884146,0.21912493043728246,0.5861772210389058,50.129821793673955,17.35595244881117,19.422062768058677,21.72840980139367,24.159242269576975,-2.0117908849666453,2.2806506518511243,21.695605629353754,24.153775956490403,-0.03978033688407449,0.0781198142403557,0.14415999059890888,0.2923869644532227,0.37590816994127224,0.7952587321423291,24.611690559225817,75.57186702668582,1,single_deterministic_fit,participant_resample_within_seed
PulseDB-MIMIC,papagei_p,frozen_demographics,dbp,official_ppgbp_notebook_equivalent,none,False,source_overlap,source_consistent_adaptation,source-faithful-v3,age/sex,20260715,300.0,3000.0,9.901458999502484,13.59263338485821,0.085964527240943,13.59236154739927,0.07953114238448711,0.3043394510600789,0.7270482819958085,16.73823250386566,9.192527955003229,10.738773915245847,12.208022836279866,15.320943160228463,-1.1846287791401786,1.260620735416672,12.179983278296127,15.303660222015367,0.020041030499746242,0.1304927540356811,0.23503988976748544,0.36957028574328277,0.5597354645973444,0.8838707011582797,6.976791473365772,27.079304270241362,1,single_deterministic_fit,participant_resample_within_seed
PulseDB-MIMIC,papagei_p,frozen_demographics,sbp,official_ppgbp_notebook_equivalent,none,False,source_overlap,source_consistent_adaptation,source-faithful-v3,age/sex,20260715,300.0,3000.0,18.36423874362449,22.899527981230307,0.17655432280165684,22.898847358202328,0.022356055124494456,0.21691172009770057,0.5801764477928562,50.86687041230941,17.368032764089925,19.44589133254956,21.627580498054602,24.178793622665975,-1.836370236714778,2.233713495827169,21.60977234021495,24.15963631615595,-0.04241761700598355,0.07406428721176773,0.14030485178198165,0.2869158340934121,0.36472130865603447,0.7880831071838649,25.9283458701749,76.73334336221389,1,single_deterministic_fit,participant_resample_within_seed
PulseDB-MIMIC,papagei_s,finetuned,dbp,official_ppgbp_notebook_equivalent,none,False,source_overlap,source_consistent_adaptation,source-faithful-v3,none,17,300.0,3000.0,10.168834307310753,13.917503314846165,-0.551584493132213,13.906568702080685,0.03500611903090323,0.19119458283480428,1.0312198340541314,-1.3528393535053556,9.371055836306821,11.028283192793788,12.43669919107535,15.506112823114412,-1.9204687707365669,0.7808407259802549,12.427672077325376,15.434084308567739,0.008815193100861773,0.05559708155403607,0.13548950937202428,0.25021686212125066,0.723104058361241,1.3873500216445362,-22.39470698101502,17.806076495846515,1,single_neural_seed,participant_resample_within_seed
PulseDB-MIMIC,papagei_s,finetuned,dbp,official_ppgbp_notebook_equivalent,none,False,source_overlap,source_consistent_adaptation,source-faithful-v3,none,23,300.0,3000.0,10.181488449098149,13.88491983972654,-0.2322568197988796,13.88297719242125,0.03951929163134604,0.20139871448014426,1.1602075197265316,-9.591632263005774,9.414313089182507,10.983270285249848,12.439566477730175,15.33649116864454,-1.4968092883796709,1.0290942386619877,12.39701898237617,15.312578154762482,0.017643403177065614,0.05747916351472364,0.14907312420918525,0.2579726248175384,0.8424975157254951,1.513295462155647,-31.27430040142133,10.167843129389919,1,single_neural_seed,participant_resample_within_seed
PulseDB-MIMIC,papagei_s,finetuned,dbp,official_ppgbp_notebook_equivalent,none,False,source_overlap,source_consistent_adaptation,source-faithful-v3,none,42,300.0,3000.0,10.153605067651302,13.925459325693822,-0.6604362987988799,13.909789406270027,0.033902516459025644,0.19039107958505053,1.0742627680438348,-3.861542144404726,9.422265357998182,10.967231002094175,12.537669826314684,15.538544988680528,-2.043123886259908,0.6549672816857519,12.521502331959466,15.44082533957639,0.008211278486083422,0.0541411577680747,0.13583100583903926,0.24706271899453391,0.739794285160634,1.417127934072372,-24.389297233333863,16.05401975820166,1,single_neural_seed,participant_resample_within_seed
PulseDB-MIMIC,papagei_s,finetuned,sbp,official_ppgbp_notebook_equivalent,none,False,source_overlap,source_consistent_adaptation,source-faithful-v3,none,17,300.0,3000.0,18.349907205031336,23.004839554785978,-3.3734376912594417,22.756154356231534,0.01334329600687889,0.2002169029162538,0.729225543490379,35.33377275103657,17.297234734482537,19.47523621537799,21.697919054119538,24.35712414746454,-5.4166165810178155,-1.251857045312343,21.537225967868135,23.943380375631527,-0.03810503734208175,0.05486564689992859,0.12885998981122057,0.2707329517938357,0.4734369121553783,0.9845898432167974,5.176055185661474,66.28539615198167,1,single_neural_seed,participant_resample_within_seed
PulseDB-MIMIC,papagei_s,finetuned,sbp,official_ppgbp_notebook_equivalent,none,False,source_overlap,source_consistent_adaptation,source-faithful-v3,none,23,300.0,3000.0,18.413346550852772,23.035612772215533,-2.7480878165927756,22.87110555141036,0.010701859712694217,0.1843074526281578,0.6578635887178059,43.345447039315125,17.33917287933497,19.517331892755962,21.74050315185134,24.320184905332034,-4.815266899402221,-0.7395254537186832,21.636605857117765,24.074473688369615,-0.03861709333261717,0.04904853780202174,0.117792841246503,0.24857544918161797,0.42560813767489436,0.8938988520586146,15.55313207915064,71.1401767263512,1,single_neural_seed,participant_resample_within_seed
PulseDB-MIMIC,papagei_s,finetuned,sbp,official_ppgbp_notebook_equivalent,none,False,source_overlap,source_consistent_adaptation,source-faithful-v3,none,42,300.0,3000.0,18.471688249401932,23.19231289934106,-4.2121563049261095,22.80660248445202,-0.00280335237826268,0.19288971146304215,0.6985004327409163,39.546196609854086,17.409944501137158,19.588579811763896,21.8394021232647,24.571625813788472,-6.355500784279524,-2.025308096384925,21.574702114595553,23.980014995543286,-0.05829368372639083,0.04296092148603921,0.12382253857629896,0.25803646499807514,0.4491632210447252,0.9258535862177913,13.007637196392572,68.89635846039845,1,single_neural_seed,participant_resample_within_seed
PulseDB-MIMIC,papagei_s,finetuned_demographics,dbp,official_ppgbp_notebook_equivalent,none,False,source_overlap,source_consistent_adaptation,source-faithful-v3,age/sex,17,300.0,3000.0,9.77844565627625,13.575570800258067,-1.5199239084655465,13.490216968799809,0.08184058748580147,0.30707199249411815,1.1111423419018294,-5.152185167885021,9.043622857071293,10.607401693450985,12.121487147204355,15.183622313926024,-2.7838011845195716,-0.38108478707645915,12.069471183559981,14.989527801953173,0.03762703278570922,0.12268566949965067,0.24085200462728953,0.3720429956773852,0.8606892588266094,1.3828155771403956,-21.43104534821013,9.935127388174255,1,single_neural_seed,participant_resample_within_seed
PulseDB-MIMIC,papagei_s,finetuned_demographics,dbp,official_ppgbp_notebook_equivalent,none,False,source_overlap,source_consistent_adaptation,source-faithful-v3,age/sex,23,300.0,3000.0,9.750871607038562,13.507115077887631,-0.9924201191322132,13.4706072630168,0.09107700131503771,0.3124061042691073,1.1475664515790898,-7.944146906840934,9.011769391305652,10.581531981813571,11.997852551569249,15.199462566560044,-2.251409456840701,0.20416936454963444,11.991163827287243,15.073526232273956,0.04995625122339381,0.13025351073352157,0.2492964439196259,0.3814306224923731,0.9082032389556506,1.432026551535537,-24.92122862423229,6.730760848645584,1,single_neural_seed,participant_resample_within_seed
PulseDB-MIMIC,papagei_s,finetuned_demographics,dbp,official_ppgbp_notebook_equivalent,none,False,source_overlap,source_consistent_adaptation,source-faithful-v3,age/sex,42,300.0,3000.0,9.73605590203842,13.571209544872666,-1.7865522864655465,13.453102223597636,0.08243042411676571,0.31708332826465496,1.174070604618403,-8.61686089279537,8.993207708938359,10.573702355737476,12.111640765165268,15.210741466205176,-3.044885711592792,-0.5388710202992273,12.054500024957198,15.014390338269537,0.03601718619340875,0.1228153216909882,0.250407112745901,0.381440057556956,0.9078753349033586,1.4499278087559002,-25.222307064132398,6.915990795237613,1,single_neural_seed,participant_resample_within_seed
PulseDB-MIMIC,papagei_s,finetuned_demographics,sbp,official_ppgbp_notebook_equivalent,none,False,source_overlap,source_consistent_adaptation,source-faithful-v3,age/sex,17,300.0,3000.0,18.444627272882794,23.189597427549703,-3.7628441775927755,22.882273325589306,-0.002568539678784676,0.18733155214089384,0.6383437208268017,46.30940668714993,17.338480415320713,19.558074912609985,21.782115018497304,24.555933512878127,-5.984374061413291,-1.611381653940761,21.573616348074783,24.077170412655917,-0.0572368420720601,0.044891555061027474,0.11653437682697254,0.25913381649113354,0.3972024286575539,0.8864022211901041,17.51233291899101,74.85935907563083,1,single_neural_seed,participant_resample_within_seed
PulseDB-MIMIC,papagei_s,finetuned_demographics,sbp,official_ppgbp_notebook_equivalent,none,False,source_overlap,source_consistent_adaptation,source-faithful-v3,age/sex,23,300.0,3000.0,18.600268904651067,23.259394152151927,-3.4657761175927755,22.999735046906146,-0.008612741901602439,0.1664971397998548,0.5850920034405673,52.400320616294074,17.506066317081185,19.7894637924141,21.942741474831216,24.69633272288837,-5.616475711042115,-1.402349942970123,21.728212472019138,24.258080054640416,-0.06591670181774412,0.03488516202059216,0.095867009018472,0.23648805463484443,0.33405179944851515,0.8409097120915651,22.133147553056215,81.67723809498838,1,single_neural_seed,participant_resample_within_seed
PulseDB-MIMIC,papagei_s,finetuned_demographics,sbp,official_ppgbp_notebook_equivalent,none,False,source_overlap,source_consistent_adaptation,source-faithful-v3,age/sex,42,300.0,3000.0,18.555493996263476,23.27916603214826,-4.449168462259443,22.850043132273548,-0.010328233370163087,0.17662974828967978,0.7220877474146349,36.95304060391743,17.46073766921293,19.791764157857624,21.92446368459289,24.74674206170324,-6.5732288753788355,-2.335534990233932,21.63974513460783,24.128826599310823,-0.06543175785074566,0.032597508557863794,0.10466271708115289,0.24392201574246145,0.42943703550457524,1.0079108774265848,3.5693407590653297,70.1298823867776,1,single_neural_seed,participant_resample_within_seed
PulseDB-MIMIC,papagei_s,frozen,dbp,official_ppgbp_notebook_equivalent,none,False,source_overlap,source_consistent_adaptation,source-faithful-v3,none,20260715,300.0,3000.0,10.148764261433431,13.796995271889656,-0.0004515211764135052,13.796995264501405,0.05164503206913873,0.2412974301613713,0.7484155464965947,15.485872244072818,9.411163950707131,10.891595352518411,12.358559294838033,15.256810295833501,-1.2202497263900376,1.2069796929743102,12.344396705301678,15.223083850045409,0.01869675770103837,0.07991625101500145,0.1963686933659792,0.2897651235081584,0.5912480100684692,0.9115804787249188,5.891064967078919,24.78444219378512,1,single_deterministic_fit,participant_resample_within_seed
PulseDB-MIMIC,papagei_s,frozen,sbp,official_ppgbp_notebook_equivalent,none,False,source_overlap,source_consistent_adaptation,source-faithful-v3,none,20260715,300.0,3000.0,18.132936406147977,22.557434311311596,-0.02204111957039545,22.55742354299767,0.05134771640918656,0.23944059708205293,0.755830010380699,29.660480265360494,17.127059813210735,19.190156465238523,21.356017611395483,23.800978957972013,-2.117636342038212,2.005874903818153,21.31062610686396,23.761347630942844,0.0055726268833061815,0.0856797286077384,0.17486930017821165,0.2965912442777166,0.5477119659678036,0.9522361292008654,5.453116109830687,55.2786013051724,1,single_deterministic_fit,participant_resample_within_seed
PulseDB-MIMIC,papagei_s,frozen_demographics,dbp,official_ppgbp_notebook_equivalent,none,False,source_overlap,source_consistent_adaptation,source-faithful-v3,age/sex,20260715,300.0,3000.0,9.844882250459882,13.478197531521273,0.011420076668286538,13.478192693404967,0.094964683788899,0.3120581883875962,0.86394696977696,8.364474121706962,9.163511838272148,10.58412064236827,12.085457248299228,14.973673079864458,-1.1959171510126902,1.2321547598483567,12.067420313590484,14.958249048909272,0.05235134296225236,0.13710871300660377,0.25623587568717676,0.3727542738462851,0.6988780661638114,1.042271943481105,-2.4328806307479693,18.160526933341085,1,single_deterministic_fit,participant_resample_within_seed
PulseDB-MIMIC,papagei_s,frozen_demographics,sbp,official_ppgbp_notebook_equivalent,none,False,source_overlap,source_consistent_adaptation,source-faithful-v3,age/sex,20260715,300.0,3000.0,18.150095043233815,22.592041730162585,-0.02607654353609462,22.592026680917428,0.048434655417353145,0.234743048607787,0.7419111738771071,31.3530044623295,17.11609011798409,19.203697655874905,21.39553777440401,23.831588138343843,-2.068690062832603,2.090788698011915,21.35867899749862,23.787524922903643,0.005032563030317836,0.08524861926656371,0.17225202526304634,0.2947698005414359,0.5355955453427756,0.9496233787526619,6.475865658766098,56.280582580439635,1,single_deterministic_fit,participant_resample_within_seed
PulseDB-MIMIC,pulseppg,finetuned,dbp,official_ppgbp_script_equivalent,none,False,none,source_consistent_adaptation,source-faithful-v3,none,17,300.0,3000.0,9.971666273494247,13.446106935563204,-0.029076769465546104,13.446075496741729,0.09926919822031766,0.3199101348215781,0.8523903011524183,9.110461654962162,9.250201679471475,10.748744511924887,12.109650568011642,14.921897933010685,-1.272949975657966,1.1955506204546131,12.107030557327144,14.882392711502568,0.04222536786452792,0.14253783177516186,0.25392194099099485,0.38073710043301284,0.6353749382232762,1.0689823116716484,-3.721618972274808,22.062968588997485,1,single_neural_seed,participant_resample_within_seed
PulseDB-MIMIC,pulseppg,finetuned,dbp,official_ppgbp_script_equivalent,none,False,none,source_consistent_adaptation,source-faithful-v3,none,23,300.0,3000.0,9.99639513896436,13.55159794577423,-0.6320985181322132,13.536848168879171,0.08508044649228375,0.30853953963796826,0.7738988948005701,14.406162794351161,9.26923194577777,10.775926263775286,12.206630200673406,14.996391541026536,-1.8893383385122824,0.6488198497332149,12.193557878666935,14.934889570681285,0.026155232295242678,0.13911588943302527,0.2405301674887465,0.3784498887945619,0.5777239964449544,0.9856616167997108,2.029912514302951,25.98286406250552,1,single_neural_seed,participant_resample_within_seed
PulseDB-MIMIC,pulseppg,finetuned,dbp,official_ppgbp_script_equivalent,none,False,none,source_consistent_adaptation,source-faithful-v3,none,42,300.0,3000.0,10.031587686126153,13.561255629118547,-0.4939732514655464,13.552256072888234,0.08377592847127346,0.30161751164714357,0.7959128633773381,12.955137617722297,9.335109884982216,10.873929322137725,12.234513830846598,15.074665692412113,-1.8048739765957396,0.700290164920287,12.21237688572407,15.001025640983974,0.024975216750709402,0.1321386808702119,0.23146369049655197,0.36887773957929604,0.5821650381772998,1.023073679440757,-0.5937735366035155,25.557484784412217,1,single_neural_seed,participant_resample_within_seed
PulseDB-MIMIC,pulseppg,finetuned,sbp,official_ppgbp_script_equivalent,none,False,none,source_consistent_adaptation,source-faithful-v3,none,17,300.0,3000.0,18.423886084149878,22.836140882483456,2.181917586740559,22.731664392413162,0.027760904097326677,0.21503348424170649,0.6869483336966633,36.50763873212976,17.423094876241272,19.515371942829542,21.6268319479445,24.06980434206971,0.095727447461464,4.366002125212881,21.45900140867303,24.010023061529637,-0.042046050852105915,0.08483091064944151,0.11801978157977132,0.30578275594484233,0.383170418805851,0.9931509723582638,-1.0437186111558294,73.93149101623894,1,single_neural_seed,participant_resample_within_seed
PulseDB-MIMIC,pulseppg,finetuned,sbp,official_ppgbp_script_equivalent,none,False,none,source_consistent_adaptation,source-faithful-v3,none,23,300.0,3000.0,18.522226157254842,22.921253710043647,2.2935517434072263,22.80621608335112,0.020500112688850325,0.2081393902970821,0.6459515260058665,41.50225857678385,17.460564564116567,19.584940769880546,21.686493231449163,24.190750098032293,0.31004078243599936,4.323322430871936,21.523589666895948,24.114124254477172,-0.05787959883263336,0.08018161259148711,0.10461057317402093,0.30076050978604446,0.3231931216414629,0.9379969754975179,5.423676793575898,81.64242456240785,1,single_neural_seed,participant_resample_within_seed
PulseDB-MIMIC,pulseppg,finetuned,sbp,official_ppgbp_script_equivalent,none,False,none,source_consistent_adaptation,source-faithful-v3,none,42,300.0,3000.0,18.248543696691392,22.68949101131313,1.1271672630738925,22.661476040044562,0.04020792222588132,0.22337516135845042,0.7230574658732719,32.80761375382694,17.21899539904355,19.359620185566367,21.43137496827154,23.98959638102198,-1.013335811361806,3.2335190207431244,21.35101871208211,23.957010390630327,-0.022106335495389595,0.09426836972791706,0.1326738896566947,0.3135301729993511,0.42410260145844475,1.0274597103169858,-5.229324503495745,69.58102754051555,1,single_neural_seed,participant_resample_within_seed
PulseDB-MIMIC,pulseppg,finetuned_demographics,dbp,official_ppgbp_script_equivalent,none,False,none,source_consistent_adaptation,source-faithful-v3,age/sex,17,300.0,3000.0,9.979845308388619,13.509268030748741,-0.2723561657988796,13.506522307594997,0.0907872245098823,0.30377864513736785,0.9005784855874864,6.364874334355432,9.261448614365003,10.685242918040665,12.177892095926321,14.935525599587299,-1.561517420960007,0.9505983902802091,12.156874093899471,14.86883442838468,0.04000559748123526,0.13012795400656507,0.23777572583806694,0.3677749809128339,0.6624094963051037,1.1517579920187635,-8.415116850053447,20.45517584960919,1,single_neural_seed,participant_resample_within_seed
PulseDB-MIMIC,pulseppg,finetuned_demographics,dbp,official_ppgbp_script_equivalent,none,False,none,source_consistent_adaptation,source-faithful-v3,age/sex,23,300.0,3000.0,9.981912904083012,13.609166694841361,-0.8830126924655465,13.580489929046157,0.0772905681086965,0.289313935946213,0.8519557605099437,9.864711508136752,9.237610683734793,10.79366145395213,12.224002321639317,15.142244747727178,-2.1958135352509993,0.4008768252124724,12.193523841975887,15.008127810849905,0.0312832432676613,0.11738069545480796,0.2280986967530632,0.35194877415934683,0.6433841853135263,1.0934010213129166,-4.28458999627269,22.20069705015467,1,single_neural_seed,participant_resample_within_seed
PulseDB-MIMIC,pulseppg,finetuned_demographics,dbp,official_ppgbp_script_equivalent,none,False,none,source_consistent_adaptation,source-faithful-v3,age/sex,42,300.0,3000.0,10.009032668427219,13.603547255689648,-0.8563394481322133,13.5765673381512,0.07805241328508383,0.28931754351678485,0.866152461253228,8.98030850120812,9.270832464530326,10.787690059511648,12.261589757774821,15.073089964261415,-2.090165948622352,0.3797807300151887,12.23816748029613,15.006966497705156,0.03432130264732553,0.11664911813775322,0.22780927564236525,0.3501787463812168,0.6642486628718293,1.1008026735830172,-4.956338064550556,21.464769232609445,1,single_neural_seed,participant_resample_within_seed
PulseDB-MIMIC,pulseppg,finetuned_demographics,sbp,official_ppgbp_script_equivalent,none,False,none,source_consistent_adaptation,source-faithful-v3,age/sex,17,300.0,3000.0,18.323784615747478,22.75623788972329,2.1746574884072256,22.652091022724424,0.03455267380909588,0.2327221070890076,0.691395425465121,35.96304934954301,17.253705961727707,19.479535701804124,21.48130699577099,24.121055573869537,0.03677422454360265,4.222912828661809,21.2796418077265,24.05641072020977,-0.0356459301382479,0.09452046585373787,0.13688062450063607,0.32205408871751245,0.40570940048374055,0.9614908331678208,2.7590703448249765,71.5056718384468,1,single_neural_seed,participant_resample_within_seed
PulseDB-MIMIC,pulseppg,finetuned_demographics,sbp,official_ppgbp_script_equivalent,none,False,none,source_consistent_adaptation,source-faithful-v3,age/sex,23,300.0,3000.0,18.31600491170002,22.744689304183552,2.3885060557405597,22.618928585711842,0.035532336786459506,0.23521759298092462,0.7107991977904947,33.41310554778955,17.282598090457093,19.363434078671983,21.475590479653103,23.979042312721024,0.3168786803853677,4.467055703982342,21.26036024033394,23.837533512386592,-0.031208643513294925,0.09369742552704674,0.14582584803492554,0.32399727698585146,0.4348028576528504,0.9948397968181114,-1.532523763678447,67.8962594307419,1,single_neural_seed,participant_resample_within_seed
PulseDB-MIMIC,pulseppg,finetuned_demographics,sbp,official_ppgbp_script_equivalent,none,False,none,source_consistent_adaptation,source-faithful-v3,age/sex,42,300.0,3000.0,18.403115631335417,22.91280798271505,1.8190136577405593,22.840489464232675,0.021221806622604422,0.21084301178883214,0.6174515495274204,45.32071107744827,17.338242199952685,19.52695524276899,21.687988930923172,24.287230696953763,-0.3770523848607658,3.8599321736603307,21.566565281102925,24.210360952687726,-0.04984626841030939,0.08087887753347939,0.11446843928654474,0.29929403792490467,0.33567770503216676,0.8785580997616786,12.65732470360356,80.47915519726803,1,single_neural_seed,participant_resample_within_seed
PulseDB-MIMIC,pulseppg,frozen,dbp,official_ppgbp_script_equivalent,none,False,none,source_consistent_adaptation,source-faithful-v3,none,20260715,300.0,3000.0,9.970176962798892,13.514455747385544,0.07459490405813901,13.514249877382419,0.09008879379219403,0.31178577897307613,0.787316326419661,13.032382484308846,9.281554402631347,10.783531303847827,12.164584530627973,15.029546382071729,-1.1519984018628457,1.282979208034134,12.125685674636903,15.021822309224996,0.0399091941838742,0.13269086634922792,0.2544490645101304,0.3677618363671346,0.6254304620914958,0.9535440137834806,3.109206496281817,22.72144198003875,1,single_deterministic_fit,participant_resample_within_seed
PulseDB-MIMIC,pulseppg,frozen,sbp,official_ppgbp_script_equivalent,none,False,none,source_consistent_adaptation,source-faithful-v3,none,20260715,300.0,3000.0,17.64326357231372,22.079150378028835,0.09226663070537439,22.07895759053106,0.09114967134156149,0.3111556831157585,0.8053984549478141,23.551578751153833,16.645914029292815,18.67241837956807,20.810343834242975,23.33195024932249,-1.9861256504873397,2.2456689133215435,20.76928382979944,23.324770728816627,0.027798442431424337,0.14348894847570862,0.23190639498537846,0.38261734179926393,0.5952361045502905,0.9974703850098622,0.2896988366839647,49.409340496029785,1,single_deterministic_fit,participant_resample_within_seed
PulseDB-MIMIC,pulseppg,frozen_demographics,dbp,official_ppgbp_script_equivalent,none,False,none,source_consistent_adaptation,source-faithful-v3,age/sex,20260715,300.0,3000.0,9.651816946994487,13.213935924992155,0.07609465041110924,13.213716821317805,0.13010609930305417,0.3658147641691541,0.8576670657581056,8.695617439573729,8.94276237290962,10.434477150620483,11.758262823949696,14.79945978065742,-1.1287509973605534,1.237519033718035,11.732002565879467,14.767189843327625,0.07254172472823371,0.1838561127697674,0.29940919893073753,0.43107412943326284,0.6952601596503521,1.0187669211429335,-1.1830534829082133,18.646226578947253,1,single_deterministic_fit,participant_resample_within_seed
PulseDB-MIMIC,pulseppg,frozen_demographics,sbp,official_ppgbp_script_equivalent,none,False,none,source_consistent_adaptation,source-faithful-v3,age/sex,20260715,300.0,3000.0,17.651609767571816,22.10517491078764,0.08458230645461051,22.105013089115104,0.08900589821586302,0.30843097534224323,0.7978034185825978,24.480496791403063,16.663923664844514,18.69114158043828,20.869146967757256,23.352063119174506,-1.9247290816093783,2.1179051751369444,20.856904067600944,23.330714027588932,0.02082659227173917,0.14397727807926747,0.22509140466470798,0.3817320657300511,0.5739101760248804,1.001305212260234,0.15002269543109908,51.59593247671759,1,single_deterministic_fit,participant_resample_within_seed
PulseDB-Vital,anyppg,finetuned,dbp,source_consistent_filter_resample_zscore_adaptation,none,False,exact_dataset_overlap,source_consistent_adaptation,source-faithful-v3,none,17,300.0,3000.0,9.039617884610461,11.56768597144908,0.7351130062941962,11.544304552550447,0.21457244692892796,0.48985507211161283,0.7667194015559841,14.290230575239914,8.527137506491826,9.619874899862213,10.913025181112243,12.257720260522017,-0.3050168553507857,1.7455973413390549,10.87674466314035,12.215404738354714,0.13606767415302176,0.28075057015924576,0.43345211425469143,0.5418768886469028,0.6665865319864481,0.8687262633974449,7.828698272026347,20.547889224090714,1,single_neural_seed,participant_resample_within_seed
PulseDB-Vital,anyppg,finetuned,dbp,source_consistent_filter_resample_zscore_adaptation,none,False,exact_dataset_overlap,source_consistent_adaptation,source-faithful-v3,none,23,300.0,3000.0,8.962651592527656,11.467155928726276,0.6517059896275295,11.448621943133844,0.22816478771972304,0.49853964943037943,0.7884906759415643,12.953732689916288,8.44308578830289,9.470774719619586,10.785044035995927,12.12549327030831,-0.42130687835353225,1.6835801978454086,10.746160975506871,12.10453888031267,0.15937024365945043,0.293079551136728,0.44844433685565266,0.5501735467129724,0.6934956592674855,0.8883998075351384,6.527013788708808,18.909982282092983,1,single_neural_seed,participant_resample_within_seed
PulseDB-Vital,anyppg,finetuned,dbp,source_consistent_filter_resample_zscore_adaptation,none,False,exact_dataset_overlap,source_consistent_adaptation,source-faithful-v3,none,42,300.0,3000.0,9.272309078595878,11.897387721703494,-1.665154424039138,11.78028417928209,0.16916194241951488,0.46754394326240056,0.7196927835134938,19.046617826061205,8.743932269552479,9.844080538805198,11.197164248517193,12.706861715820525,-2.711871409121656,-0.5764616993090297,11.116571608823923,12.524968047708912,0.07894711238503846,0.24222383469320125,0.4072883697783467,0.5215134158814686,0.6167527186649221,0.8289824487005133,12.414633222077748,25.602314853378722,1,single_neural_seed,participant_resample_within_seed
PulseDB-Vital,anyppg,finetuned,sbp,source_consistent_filter_resample_zscore_adaptation,none,False,exact_dataset_overlap,source_consistent_adaptation,source-faithful-v3,none,17,300.0,3000.0,14.366410533663604,18.348571198392133,-4.029915648083587,17.900554318003575,0.2665186142056638,0.5586042113354193,0.8472757359946879,21.210957641144176,13.61525603245319,15.13535382784683,17.426675508805584,19.287585576318296,-5.5079164599147505,-2.5125446354253875,16.989885143643367,18.787431082867823,0.19865287977289325,0.32941341192505685,0.5076750824494625,0.6062927229091493,0.7544371701727873,0.9357342068047017,11.508932390481965,31.305128748671848,1,single_neural_seed,participant_resample_within_seed
PulseDB-Vital,anyppg,finetuned,sbp,source_consistent_filter_resample_zscore_adaptation,none,False,exact_dataset_overlap,source_consistent_adaptation,source-faithful-v3,none,23,300.0,3000.0,14.22257044905692,18.247707980179776,-0.6125238297502531,18.237424738375335,0.27456043418453147,0.5431004906953261,0.7951339645753649,24.359473182551838,13.412800344944817,14.982359738733269,17.255498842102902,19.246698383253175,-2.167156713891634,0.9002112285556506,17.224828571458474,19.213158452717273,0.1927828172510127,0.34623983418870796,0.48726304232309775,0.5965973394013386,0.6968657917729338,0.8934909285643895,13.2649866232869,35.39528448843128,1,single_neural_seed,participant_resample_within_seed
PulseDB-Vital,anyppg,finetuned,sbp,source_consistent_filter_resample_zscore_adaptation,none,False,exact_dataset_overlap,source_consistent_adaptation,source-faithful-v3,none,42,300.0,3000.0,14.666503699101888,18.67206656689595,-3.945291401083588,18.250499873678237,0.2404272637983551,0.5406617061469391,0.8012904626146813,26.316360500635692,13.884434257286838,15.439236611874817,17.70058019320397,19.59753436608198,-5.5071203014631624,-2.285107365672744,17.28099367455398,19.138490762585096,0.1679887511409604,0.3070689723645159,0.49096820597516627,0.5920006255877698,0.7073967843852038,0.894650357022158,16.206944510392034,36.333308239380074,1,single_neural_seed,participant_resample_within_seed
PulseDB-Vital,anyppg,finetuned_demographics,dbp,source_consistent_filter_resample_zscore_adaptation,none,False,exact_dataset_overlap,source_consistent_adaptation,source-faithful-v3,age/sex/BMI,17,300.0,3000.0,8.714666295650755,11.196796543552274,0.41201601196086274,11.189213361250738,0.26413063143009663,0.5263751688070616,0.8280730489072733,10.60605838147663,8.198513743537566,9.23991861757412,10.516694574717558,11.910998702317642,-0.6346980807819088,1.3416208899495827,10.498217194272073,11.897590138604333,0.19080328701570065,0.3274261772021259,0.4735703086840941,0.5762411181548944,0.7267454886175154,0.9217457776928387,4.609548934645468,17.021161573101107,1,single_neural_seed,participant_resample_within_seed
PulseDB-Vital,anyppg,finetuned_demographics,dbp,source_consistent_filter_resample_zscore_adaptation,none,False,exact_dataset_overlap,source_consistent_adaptation,source-faithful-v3,age/sex/BMI,23,300.0,3000.0,8.701796463255118,11.166584871804092,0.0019219622941958198,11.166584706402622,0.26809638186131124,0.5253541816234799,0.8552919832122702,9.212461640815894,8.220738457193807,9.237227336539213,10.519236846180206,11.863936253951218,-0.9973218069018481,0.9749373734617003,10.500166656443348,11.8583965541567,0.1974711116416019,0.3265633125191742,0.4705865109024654,0.5743782098369044,0.7540859293927464,0.9586878052282283,2.813687409360775,15.532592604251898,1,single_neural_seed,participant_resample_within_seed
PulseDB-Vital,anyppg,finetuned_demographics,dbp,source_consistent_filter_resample_zscore_adaptation,none,False,exact_dataset_overlap,source_consistent_adaptation,source-faithful-v3,age/sex/BMI,42,300.0,3000.0,8.859666584692608,11.44774818158342,-1.774281277039138,11.309414855725068,0.23077518327511404,0.515942498627036,0.7985377304734104,14.24469345611279,8.298653035826629,9.419644744287538,10.661278487870627,12.283897927931648,-2.787360305253011,-0.7502797666252526,10.552039666022798,12.108132270723821,0.15000372167028017,0.2994011272136101,0.4568156997778399,0.5716967349926295,0.6985677953833367,0.8943319247440682,8.415412010527422,20.362077306588894,1,single_neural_seed,participant_resample_within_seed
PulseDB-Vital,anyppg,finetuned_demographics,sbp,source_consistent_filter_resample_zscore_adaptation,none,False,exact_dataset_overlap,source_consistent_adaptation,source-faithful-v3,age/sex/BMI,17,300.0,3000.0,14.138261897976271,18.07747250348068,-1.15865892841692,18.040302702607292,0.288032755926392,0.5471576951086906,0.8563522444815932,17.7310693132591,13.38859477700592,14.902894256841433,17.15130975099868,19.02678840308317,-2.71632530437382,0.3500552149693141,17.08417629691645,18.954256634743736,0.21863094385825257,0.35210874724795616,0.4947025679861818,0.5978706778919529,0.7631558231451325,0.9525202524830002,6.983199392000778,28.304717450031678,1,single_neural_seed,participant_resample_within_seed
PulseDB-Vital,anyppg,finetuned_demographics,sbp,source_consistent_filter_resample_zscore_adaptation,none,False,exact_dataset_overlap,source_consistent_adaptation,source-faithful-v3,age/sex/BMI,23,300.0,3000.0,14.22694993556336,18.233046313660903,-3.9680492514169208,17.796026607488344,0.27572571806978163,0.5618857582745896,0.8816746644818244,17.286630739100783,13.471562106750481,15.046948408955693,17.282869055071057,19.21635539024199,-5.4961770657923195,-2.38788823890273,16.85584323687269,18.680747657457562,0.20844248630426093,0.3334981927503641,0.5113884332773524,0.6082666221579759,0.7896640909040544,0.9690551885621181,7.687378723809503,27.124318071241625,1,single_neural_seed,participant_resample_within_seed
PulseDB-Vital,anyppg,finetuned_demographics,sbp,source_consistent_filter_resample_zscore_adaptation,none,False,exact_dataset_overlap,source_consistent_adaptation,source-faithful-v3,age/sex/BMI,42,300.0,3000.0,14.00732797829966,17.876863290160983,-1.6550733894169198,17.800083515836363,0.30374675557193964,0.5601042170614114,0.898515159188897,13.31283761381983,13.275793117682083,14.74670385927549,16.978206254421004,18.74413232143287,-3.1370271476438987,-0.17069434023688929,16.868197610067156,18.66279643902,0.24056637109597823,0.3589863117029072,0.5112257040970951,0.6068254689276317,0.8039309590976231,0.9865001658278931,3.552631406685946,24.077425452954895,1,single_neural_seed,participant_resample_within_seed
PulseDB-Vital,anyppg,frozen,dbp,source_consistent_filter_resample_zscore_adaptation,none,False,exact_dataset_overlap,source_consistent_adaptation,source-faithful-v3,none,20260715,300.0,3000.0,8.70264706263531,11.12051387578637,0.06893992014251839,11.120300182502627,0.27412328609353265,0.5247238652991355,0.9384607331239275,3.8537399303757787,8.256906349791885,9.188203441795899,10.528176408415723,11.778834625007642,-0.9703135335399985,1.063230832133566,10.504236873107763,11.765838392828353,0.21448249979031314,0.3263808683638768,0.4740339313483266,0.5741794573534527,0.8293835785410789,1.0471859276875244,-3.1951075196039573,10.770051716288995,1,single_deterministic_fit,participant_resample_within_seed
PulseDB-Vital,anyppg,frozen,sbp,source_consistent_filter_resample_zscore_adaptation,none,False,exact_dataset_overlap,source_consistent_adaptation,source-faithful-v3,none,20260715,300.0,3000.0,13.661650007046497,17.4667249172007,0.16598874057794932,17.46593619223319,0.3353277380527756,0.5792678005098182,0.9784079631073983,2.3536516494486235,12.948543274122171,14.357669233231258,16.574239002627092,18.297645643270567,-1.2454376522210557,1.574641846462671,16.553892013697407,18.280878908921853,0.2757991033106271,0.3877762021501072,0.5306151853675952,0.6250092331221485,0.8849699692017355,1.070595076993173,-8.097292207858056,12.867068937055747,1,single_deterministic_fit,participant_resample_within_seed
PulseDB-Vital,anyppg,frozen_demographics,dbp,source_consistent_filter_resample_zscore_adaptation,none,False,exact_dataset_overlap,source_consistent_adaptation,source-faithful-v3,age/sex/BMI,20260715,300.0,3000.0,8.522719780854917,10.948645116814149,0.049996163171129135,10.948530964362591,0.29638691099146697,0.5448590282628736,0.9617421351176798,2.3879392051208166,8.040551111854057,8.993132883162474,10.307858763471604,11.602296282769126,-0.9552572517050214,1.0037862792088637,10.285095089511978,11.600830393403017,0.23700426301692135,0.3476042978506548,0.49419247126277155,0.5920601869248192,0.8597745636637772,1.0675807358810412,-4.533150031689378,8.948502013822687,1,single_deterministic_fit,participant_resample_within_seed
PulseDB-Vital,anyppg,frozen_demographics,sbp,source_consistent_filter_resample_zscore_adaptation,none,False,exact_dataset_overlap,source_consistent_adaptation,source-faithful-v3,age/sex/BMI,20260715,300.0,3000.0,13.5406224390846,17.340256119878664,0.13834203696563852,17.339704258833184,0.3449180854504168,0.5873756219857821,0.9880648980961437,1.2540713014646687,12.830362946646995,14.282447350335673,16.506563480822283,18.25409840838865,-1.289820963260404,1.4392589829801559,16.46334438356976,18.23285009624696,0.2868762944766623,0.39738208155602844,0.5400482370236543,0.6325784067347834,0.8994838117147099,1.0766838564353236,-8.98514176373746,11.217525010471396,1,single_deterministic_fit,participant_resample_within_seed
PulseDB-Vital,demographics,demographics,dbp,none,none,False,not_applicable,not_applicable,source-faithful-v3,age/sex/BMI,20260715,300.0,3000.0,10.168149503320265,13.05988641864643,0.005671517851282087,13.059885187161132,-0.0011334023155422646,0.030631589672678084,0.4022775616472932,38.05696161126522,9.649749054815262,10.697759045035609,12.369836728326309,13.75527705386306,-1.075064303861786,1.0710392332610492,12.353066321779329,13.753155461638556,-0.01865929599446746,0.011862163806759448,-0.06171465188826548,0.12036574279191727,-0.8220019309870522,1.5765769048025366,-36.97784521675674,115.87217915192731,1,single_deterministic_fit,participant_resample_within_seed
PulseDB-Vital,demographics,demographics,sbp,none,none,False,not_applicable,not_applicable,source-faithful-v3,age/sex/BMI,20260715,300.0,3000.0,16.78510591697319,21.299277783954626,-0.009478273118641828,21.299275675017725,0.011641846752516338,0.10856194106795498,0.9005743008767149,11.59431926735432,16.0578857568071,17.56768486322636,20.411436004646074,22.195494861931813,-1.5941168227319273,1.6472846154937808,20.391192377713587,22.170550473495634,-0.01203247829923368,0.030983652501104263,0.017058745499177557,0.19341051844146095,0.14517110507634307,1.6175191050578483,-72.65550902348345,99.85413924673483,1,single_deterministic_fit,participant_resample_within_seed
PulseDB-Vital,handcrafted_ppg,ppg_features,dbp,handcrafted_morphology_and_statistics_v1,none,False,not_applicable,not_applicable,source-faithful-v3,none,20260715,300.0,3000.0,9.01068928946783,11.662421781989154,0.029610534545456146,11.662384191804822,0.20165494451712185,0.45104216739741343,0.9144852696586442,5.417967170153386,8.526337738780612,9.513738264203988,11.026271523892923,12.333241669257685,-0.953458040846769,1.0092146938701716,11.005268451555049,12.31518167675458,0.14356078559761254,0.2520664256626625,0.39445375313254777,0.5037572962391029,0.7902728240737318,1.0492070354477703,-2.8485796151520866,13.241435164444002,1,single_deterministic_fit,participant_resample_within_seed
PulseDB-Vital,handcrafted_ppg,ppg_features,sbp,handcrafted_morphology_and_statistics_v1,none,False,not_applicable,not_applicable,source-faithful-v3,none,20260715,300.0,3000.0,14.416468458754201,18.484290651102054,0.10939168431552757,18.4839669533848,0.25562775464574683,0.5063275530975782,0.9498795679294995,5.73647715049676,13.722618840822372,15.098137324156786,17.58625034861683,19.335517358360313,-1.3374247801104138,1.4748830914733608,17.569061188116407,19.30913335207898,0.19445564368854357,0.30944213344352545,0.4506604974262585,0.5584388278393998,0.8332974652464825,1.068993600306452,-7.6857230544370445,18.927019207892492,1,single_deterministic_fit,participant_resample_within_seed
PulseDB-Vital,handcrafted_ppg,ppg_features_demographics,dbp,handcrafted_morphology_and_statistics_v1,none,False,not_applicable,not_applicable,source-faithful-v3,age/sex/BMI,20260715,300.0,3000.0,8.784387675799053,11.449234405324978,0.04682446774680196,11.449138654820171,0.23057543842072947,0.4822117945864468,0.9163062062183266,5.286194115424236,8.323633959936666,9.284753812250033,10.8173893811592,12.151943188743036,-0.8713908467458377,0.9709961643881444,10.804371444353697,12.139165691651877,0.17095854443785896,0.28408427097305816,0.42628796376395417,0.5345877105798105,0.8070418748420678,1.026807214967235,-1.531758134137964,12.123873463532886,1,single_deterministic_fit,participant_resample_within_seed
PulseDB-Vital,handcrafted_ppg,ppg_features_demographics,sbp,handcrafted_morphology_and_statistics_v1,none,False,not_applicable,not_applicable,source-faithful-v3,age/sex/BMI,20260715,300.0,3000.0,14.355759897139283,18.456994997372536,0.11094481776209342,18.456661550249184,0.2578245525216494,0.5091394778871828,0.9321908941995588,7.798173289414174,13.670821286590106,15.061569301732103,17.54726346033123,19.40431634024638,-1.382046414718981,1.5633863642390153,17.534831587402884,19.38431064836313,0.19376715891100607,0.31393821100593133,0.4531679819016149,0.5609980533122638,0.8115517328153825,1.0446727228509933,-5.042483697981191,21.25499031434478,1,single_deterministic_fit,participant_resample_within_seed
PulseDB-Vital,papagei_p,finetuned,dbp,official_ppgbp_notebook_equivalent,none,False,source_overlap,source_consistent_adaptation,source-faithful-v3,none,17,300.0,3000.0,9.554657083111099,12.156775903946782,0.28086586229419597,12.153530957963566,0.1325389692856872,0.37211081695772746,0.8342678422516016,10.318474511721513,9.016928713941146,10.096624051289135,11.48905608124005,12.835759604767453,-0.823305610657505,1.26159831117179,11.47491966681452,12.823916165088976,0.0775250315942297,0.1804366004519902,0.3151497501063896,0.4273710272736155,0.6947450791836862,0.9705837358913515,1.542093685652769,18.935581593438823,1,single_neural_seed,participant_resample_within_seed
PulseDB-Vital,papagei_p,finetuned,dbp,official_ppgbp_notebook_equivalent,none,False,source_overlap,source_consistent_adaptation,source-faithful-v3,none,23,300.0,3000.0,9.59446061804126,12.218803734296195,0.28321899096086267,12.215520934467335,0.12366424858767489,0.36197004696655305,0.8134899413779078,11.645403421611235,9.06608117410537,10.131988623441565,11.557934502968378,12.893435260772039,-0.7468107090839208,1.267949921557017,11.543652714572556,12.878157550432697,0.0654652529826427,0.17357957199487442,0.3020762396959778,0.4192927818076772,0.6719038694532635,0.9560553140115752,2.6276056718120078,20.582134143535065,1,single_neural_seed,participant_resample_within_seed
PulseDB-Vital,papagei_p,finetuned,dbp,official_ppgbp_notebook_equivalent,none,False,source_overlap,source_consistent_adaptation,source-faithful-v3,none,42,300.0,3000.0,9.537742244059377,12.178245279168376,0.3060440239608626,12.174399169362925,0.12947231876058085,0.3695404488127424,0.8204740814251749,11.179991481300767,9.02154278037937,10.056132820553735,11.521643443915364,12.867478710953495,-0.7884162346054586,1.36496043158822,11.495627643817675,12.862351480688604,0.06902628114047056,0.18400460330815457,0.3081436666185816,0.4317686239010111,0.6789486087094234,0.9681675878332919,1.8277820701881766,20.053679826755538,1,single_neural_seed,participant_resample_within_seed
PulseDB-Vital,papagei_p,finetuned,sbp,official_ppgbp_notebook_equivalent,none,False,source_overlap,source_consistent_adaptation,source-faithful-v3,none,17,300.0,3000.0,15.244359218466712,19.39762873585805,1.894123929583081,19.3049292957412,0.18024914251642177,0.44829238964179385,0.7978531749763743,22.044340324983388,14.478606106200578,16.021219576512436,18.461986343285357,20.29873834215882,0.33748469153692795,3.43004693925397,18.364400692519514,20.19114966699386,0.11004726311760481,0.24050167275305848,0.39496592933990476,0.4985138110363283,0.6898804179360462,0.9043093734053773,9.76923993368597,34.328959034181416,1,single_neural_seed,participant_resample_within_seed
PulseDB-Vital,papagei_p,finetuned,sbp,official_ppgbp_notebook_equivalent,none,False,source_overlap,source_consistent_adaptation,source-faithful-v3,none,23,300.0,3000.0,15.274845502680856,19.40823326662334,2.8905220469164146,19.191779511758543,0.17935259484827448,0.45388399734236484,0.8315378082773976,17.22682381123889,14.465344715220855,16.017862005339726,18.466904386837328,20.286071832871567,1.3850810491403909,4.436474834094,18.244487859966647,20.025083120097324,0.10983479147713238,0.23934383488143876,0.40256278062541867,0.5049662895903945,0.726081933188813,0.9420419769433998,4.471721724456646,29.592136724354887,1,single_neural_seed,participant_resample_within_seed
PulseDB-Vital,papagei_p,finetuned,sbp,official_ppgbp_notebook_equivalent,none,False,source_overlap,source_consistent_adaptation,source-faithful-v3,none,42,300.0,3000.0,15.334583232138337,19.44312188396918,2.727823895249748,19.250817265544487,0.17639951952717525,0.45204524514481614,0.8066916325334821,20.32514102209583,14.589754950871308,16.16644024953779,18.518293470220108,20.44391019546179,1.2040976633129647,4.380695032850999,18.359603770572903,20.183492012053147,0.10293377452995593,0.24067414920942395,0.3967618801351469,0.5057326653377148,0.698150223575242,0.9154312091014343,7.857283740866312,32.969101847769636,1,single_neural_seed,participant_resample_within_seed
PulseDB-Vital,papagei_p,finetuned_demographics,dbp,official_ppgbp_notebook_equivalent,none,False,source_overlap,source_consistent_adaptation,source-faithful-v3,age/sex/BMI,17,300.0,3000.0,9.45076484794329,12.087717129813761,0.7534357939608626,12.064213190870408,0.14236651615899698,0.39847485245061803,0.7769679579341401,13.615896252050069,8.955505013486606,9.99264548494503,11.41463417548459,12.768195062204125,-0.23764348328307178,1.8577508344702438,11.358165503237887,12.746791398055755,0.07159866684199169,0.19924067281694297,0.3366295095894441,0.45376635550256395,0.6502309685101382,0.8971655182904196,5.780689559026133,21.68444515357961,1,single_neural_seed,participant_resample_within_seed
PulseDB-Vital,papagei_p,finetuned_demographics,dbp,official_ppgbp_notebook_equivalent,none,False,source_overlap,source_consistent_adaptation,source-faithful-v3,age/sex/BMI,23,300.0,3000.0,9.478960927682387,12.160637991252102,0.5163110986275294,12.149672390797951,0.13198771417901045,0.38952982641822803,0.7428572995762818,15.98970058692917,8.972414393452029,10.02096276474141,11.519552619855073,12.902932277507707,-0.540995383704494,1.5766837840845285,11.498484311276831,12.885065773117423,0.06437148313278124,0.18621459187594977,0.32949257934818704,0.4421385267892789,0.6208791526163048,0.8490661890891886,9.231917337225573,23.612293416240824,1,single_neural_seed,participant_resample_within_seed
PulseDB-Vital,papagei_p,finetuned_demographics,dbp,official_ppgbp_notebook_equivalent,none,False,source_overlap,source_consistent_adaptation,source-faithful-v3,age/sex/BMI,42,300.0,3000.0,9.445572959068574,12.102237713833112,0.6825683706275294,12.082973893108575,0.14030478377015676,0.3968594958125142,0.7674700888811619,14.28220607674117,8.937203793529179,9.95098264873821,11.430632310969354,12.801445629586762,-0.3772655017894428,1.6784553368994644,11.40606550886459,12.76949791276786,0.0769423291962024,0.19937206196099375,0.34038598956218874,0.4539565334410198,0.6535199806705746,0.8904084166907599,6.69370969039751,21.623756416767392,1,single_neural_seed,participant_resample_within_seed
PulseDB-Vital,papagei_p,finetuned_demographics,sbp,official_ppgbp_notebook_equivalent,none,False,source_overlap,source_consistent_adaptation,source-faithful-v3,age/sex/BMI,17,300.0,3000.0,15.188844438497249,19.32737900930952,2.626160412249748,19.148129434976948,0.18617594897313916,0.47111085952973947,0.765861031236991,25.272249316391118,14.441029475396212,15.941444312589724,18.391144571064153,20.232109304662234,1.1463773322700483,4.163327311417487,18.211521632565354,20.017581459886703,0.10993928689345357,0.24918946867524133,0.4181822809213515,0.5224627193271126,0.6708256797606525,0.8565625749807314,14.744728681368661,36.379731264710585,1,single_neural_seed,participant_resample_within_seed
PulseDB-Vital,papagei_p,finetuned_demographics,sbp,official_ppgbp_notebook_equivalent,none,False,source_overlap,source_consistent_adaptation,source-faithful-v3,age/sex/BMI,23,300.0,3000.0,15.133500972644386,19.26882464683302,3.0377903075830814,19.027859399248097,0.19109961333551206,0.47645240615988826,0.7912385524744611,21.922738754999646,14.417670456259836,15.932126389628745,18.408149660361104,20.245358346193967,1.464740318183715,4.580610345238931,18.14041312379505,19.950443745586817,0.11817381336644037,0.2559118877131924,0.4261577092167887,0.5272725915638282,0.697351546051845,0.8876335408957021,10.833627847357125,32.80495437035495,1,single_neural_seed,participant_resample_within_seed
PulseDB-Vital,papagei_p,finetuned_demographics,sbp,official_ppgbp_notebook_equivalent,none,False,source_overlap,source_consistent_adaptation,source-faithful-v3,age/sex/BMI,42,300.0,3000.0,15.20270603944109,19.34859002828932,2.816155731249748,19.142549542319752,0.18438869064088903,0.4699668814413587,0.7722882568615964,24.359693597706386,14.416516010647399,15.974156640193518,18.388433017115183,20.312079200417486,1.2890419950129806,4.355867725409092,18.162509427391292,20.071008709866984,0.10609768711318898,0.2543410123792655,0.4149146871747876,0.5221207680823122,0.6751075231792216,0.8732815496785171,12.642472214976952,36.02645415144866,1,single_neural_seed,participant_resample_within_seed
PulseDB-Vital,papagei_p,frozen,dbp,official_ppgbp_notebook_equivalent,none,False,source_overlap,source_consistent_adaptation,source-faithful-v3,none,20260715,300.0,3000.0,9.689680553779336,12.323099109815415,0.05772090567579874,12.32296392786173,0.10864021878399,0.3446198761002033,0.7741936019373286,14.333258281703134,9.158468117513673,10.212747175162686,11.676374975303677,13.016651124966803,-0.9745842116851721,1.1025644066417053,11.662776574385616,13.00708059720534,0.05728843251025839,0.15769827194277442,0.2914460353625501,0.4014296922848541,0.6419836249418565,0.9127783986013106,5.37139690837022,22.615342300927043,1,single_deterministic_fit,participant_resample_within_seed
PulseDB-Vital,papagei_p,frozen,sbp,official_ppgbp_notebook_equivalent,none,False,source_overlap,source_consistent_adaptation,source-faithful-v3,none,20260715,300.0,3000.0,15.032097746049786,19.183232077944606,0.1585445369483607,19.18257690160753,0.198269961260499,0.44933420838145666,0.882538942053763,13.547468803267463,14.307847596968125,15.760020899944777,18.319861024235774,20.071355943803503,-1.3246412409499957,1.6585216287076816,18.303054776433786,20.05465758939884,0.13487174749692696,0.25035541603690814,0.39067148712162986,0.5011921172221794,0.7595653934855215,0.9993207893136368,0.32214673006882116,27.52597071076513,1,single_deterministic_fit,participant_resample_within_seed
PulseDB-Vital,papagei_p,frozen_demographics,dbp,official_ppgbp_notebook_equivalent,none,False,source_overlap,source_consistent_adaptation,source-faithful-v3,age/sex/BMI,20260715,300.0,3000.0,9.49231566943493,12.151172391908531,0.04799237265548717,12.151077615999618,0.13333847535506926,0.37378104406974777,0.8241551606449465,11.157151304787288,9.005062115761064,9.989333435173542,11.492602340977458,12.816912456496768,-1.0314328666712713,1.1052537697176341,11.483830006696941,12.806801001233149,0.07675794938893139,0.18113434075950785,0.31511293963512804,0.4285673805474955,0.6855041292462571,0.9554597433425382,3.052724774083482,20.121608036844176,1,single_deterministic_fit,participant_resample_within_seed
PulseDB-Vital,papagei_p,frozen_demographics,sbp,official_ppgbp_notebook_equivalent,none,False,source_overlap,source_consistent_adaptation,source-faithful-v3,age/sex/BMI,20260715,300.0,3000.0,14.950651184598119,19.08495349107818,0.14562020512731902,19.084397934241363,0.20646368596780384,0.4578469247917983,0.8913606794686837,12.529619372444904,14.225629557692944,15.677769073514066,18.20301610262415,20.021870146258703,-1.392662582955798,1.6371657098014665,18.191121807010916,20.00092444177417,0.1503834140904652,0.2595918639266769,0.4052562044021209,0.5108769222799514,0.7783469361438642,1.0081317740046893,-0.9968062318707419,25.184748408970478,1,single_deterministic_fit,participant_resample_within_seed
PulseDB-Vital,papagei_s,finetuned,dbp,official_ppgbp_notebook_equivalent,none,False,source_overlap,source_consistent_adaptation,source-faithful-v3,none,17,300.0,3000.0,10.19684455431349,12.781807618241427,2.2668820326275294,12.5791832739604,0.04104615459819039,0.2684145614963002,0.9026780150446759,4.150593449822787,9.714990294894461,10.71116278144548,12.200813373389668,13.38415817063584,1.2200008273942562,3.341769552885578,11.961102000140562,13.18256976743479,-0.01800528136778306,0.08578357836407909,0.2014146768488321,0.32932877491184986,0.6727583598639949,1.1327640370879493,-10.749506707703665,18.90726181193825,1,single_neural_seed,participant_resample_within_seed
PulseDB-Vital,papagei_s,finetuned,dbp,official_ppgbp_notebook_equivalent,none,False,source_overlap,source_consistent_adaptation,source-faithful-v3,none,23,300.0,3000.0,10.18513928582508,12.768070644956605,2.178501735960863,12.580848865677469,0.04310627707588066,0.26879349487815174,0.8822492776191524,5.575651239575517,9.67545274967844,10.684244173077728,12.158826228552948,13.372719239060672,1.070437756202296,3.2791703858164927,11.942904604244207,13.188917725455836,-0.01696117556542093,0.09110426930018589,0.20240278479475174,0.3309331668517087,0.6638066941647448,1.1089003867531246,-8.95523217698569,19.82107180658188,1,single_neural_seed,participant_resample_within_seed
PulseDB-Vital,papagei_s,finetuned,dbp,official_ppgbp_notebook_equivalent,none,False,source_overlap,source_consistent_adaptation,source-faithful-v3,none,42,300.0,3000.0,10.19011239656061,12.811727248197808,2.0198713376275297,12.65150089363491,0.036551465644557024,0.24878261777281152,0.8695156971196161,6.552118108337465,9.665785536068078,10.709707632661958,12.18850872756652,13.444074046680292,0.9199646256901178,3.0293140453959047,12.005477702152268,13.307768683398,-0.017763322856097108,0.08011477802109133,0.18328071041585017,0.3122670604327485,0.6429893651324762,1.1123184258813765,-9.199819640260301,21.516363503708142,1,single_neural_seed,participant_resample_within_seed
PulseDB-Vital,papagei_s,finetuned,sbp,official_ppgbp_notebook_equivalent,none,False,source_overlap,source_consistent_adaptation,source-faithful-v3,none,17,300.0,3000.0,16.16414313831868,20.433446700761927,1.552115745916414,20.37441240340827,0.09036355416110131,0.3099426610838444,0.9357804389831395,6.030876421009277,15.387357220721452,16.956802666917348,19.521397185585865,21.386230452398355,-0.005856868154944912,3.173000574569096,19.45779921834513,21.303327763775602,0.04313248867425162,0.13000020032807602,0.25086366036850843,0.3661378001783195,0.7572088395597364,1.111870279956782,-14.430763136094285,26.748656154321445,1,single_neural_seed,participant_resample_within_seed
PulseDB-Vital,papagei_s,finetuned,sbp,official_ppgbp_notebook_equivalent,none,False,source_overlap,source_consistent_adaptation,source-faithful-v3,none,23,300.0,3000.0,16.166171150475535,20.410323136105028,1.499441090583081,20.355170520928954,0.09242117428415297,0.313071249036544,0.9223764962239184,7.662188659050969,15.429951379893796,16.955919509366396,19.580496696657967,21.301394195982173,-0.13597744244733093,3.17768654694131,19.497722559832535,21.229821442732877,0.0422406790587242,0.1345251376341223,0.25396513055593195,0.3714318323387226,0.7361272625285354,1.1086834649395738,-13.822174320343535,28.754674378025992,1,single_neural_seed,participant_resample_within_seed
PulseDB-Vital,papagei_s,finetuned,sbp,official_ppgbp_notebook_equivalent,none,False,source_overlap,source_consistent_adaptation,source-faithful-v3,none,42,300.0,3000.0,16.18934573185114,20.471086819789164,2.113002512249748,20.361743932349505,0.08700921458397737,0.3113584949449785,0.9557537248491903,3.136377879601722,15.451029464435543,16.9641705824481,19.607659331867957,21.35407959229745,0.6046293654007365,3.744808592175667,19.4893168727386,21.222048095466565,0.03443886673126057,0.1294201282629493,0.2511248313763679,0.3700754508077037,0.7667731728127493,1.1487896290638862,-19.177758386044594,24.80366273113625,1,single_neural_seed,participant_resample_within_seed
PulseDB-Vital,papagei_s,finetuned_demographics,dbp,official_ppgbp_notebook_equivalent,none,False,source_overlap,source_consistent_adaptation,source-faithful-v3,age/sex/BMI,17,300.0,3000.0,10.132846051892933,12.800601799905188,2.9384116929608632,12.4587777555588,0.03822401808801146,0.2990183307751283,0.9299244754887619,1.7294721209425303,9.605641143197062,10.680296036375653,12.129337025697675,13.454448504932746,1.9097961199107212,3.967258547647326,11.766498267071526,13.077951110422283,-0.02989099066122131,0.09513700077912392,0.2384407578557471,0.3582979108063137,0.7336743002545404,1.1385280293483822,-11.788653425488379,14.52743855918499,1,single_neural_seed,participant_resample_within_seed
PulseDB-Vital,papagei_s,finetuned_demographics,dbp,official_ppgbp_notebook_equivalent,none,False,source_overlap,source_consistent_adaptation,source-faithful-v3,age/sex/BMI,23,300.0,3000.0,10.05065486784256,12.752829789298943,2.192458637960863,12.562953186080943,0.045389343225926804,0.27784667661638607,0.822512256144719,9.497990294544687,9.520928283875632,10.571204251620657,12.123944281444127,13.430983369869683,1.0912148313408805,3.274158961094876,11.898011976540491,13.221020442461299,-0.020879337701296463,0.10004944413064311,0.20887656045783715,0.3431763260940301,0.607884012625198,1.030231490924791,-3.647447105239574,23.667041474359362,1,single_neural_seed,participant_resample_within_seed
PulseDB-Vital,papagei_s,finetuned_demographics,dbp,official_ppgbp_notebook_equivalent,none,False,source_overlap,source_consistent_adaptation,source-faithful-v3,age/sex/BMI,42,300.0,3000.0,10.08007548634217,12.748029189100079,2.4998211822941965,12.50052567945448,0.046107903991084775,0.2891893754357789,0.9087881195096997,3.5359968244439934,9.535480633796071,10.656642662859484,12.045321881497118,13.493322415697424,1.4151064383876097,3.530343244689419,11.795079186316206,13.20527187522247,-0.02175271019399397,0.09999252491145987,0.21347635757314043,0.357020435512497,0.6732241523500265,1.1346042710107442,-11.086700700401543,18.90216433087845,1,single_neural_seed,participant_resample_within_seed
PulseDB-Vital,papagei_s,finetuned_demographics,sbp,official_ppgbp_notebook_equivalent,none,False,source_overlap,source_consistent_adaptation,source-faithful-v3,age/sex/BMI,17,300.0,3000.0,15.82706121639815,19.990149398732274,1.0716601755830806,19.96140319345575,0.12940398735981484,0.363578294560903,0.955767474464347,4.130027759711128,15.095998041975246,16.61410099526323,19.14362011356045,20.890089205404287,-0.46678376860313925,2.661012974562381,19.086522695799363,20.834216737896472,0.07976771103181965,0.17388775528362452,0.3067578244722298,0.4218523712206684,0.7868979636113193,1.133123256532123,-16.2043691698161,23.314249496540498,1,single_neural_seed,participant_resample_within_seed
PulseDB-Vital,papagei_s,finetuned_demographics,sbp,official_ppgbp_notebook_equivalent,none,False,source_overlap,source_consistent_adaptation,source-faithful-v3,age/sex/BMI,23,300.0,3000.0,15.80781289461067,19.98114538980158,1.2414002479164143,19.942544885567187,0.13018808243776137,0.3658283735260285,0.9558975912547577,3.952472066749393,15.03985100394764,16.59089051617877,19.113840704449878,20.823888460655656,-0.28098476015001744,2.798334409059448,19.065257148062912,20.777288889391517,0.07874770342563184,0.17556958086095828,0.30748463775282797,0.4236000996406297,0.7848845290889238,1.1242297341798484,-15.377115601959392,23.649026883365117,1,single_neural_seed,participant_resample_within_seed
PulseDB-Vital,papagei_s,finetuned_demographics,sbp,official_ppgbp_notebook_equivalent,none,False,source_overlap,source_consistent_adaptation,source-faithful-v3,age/sex/BMI,42,300.0,3000.0,15.889107032731351,20.059193029244753,1.925372014583081,19.96657626109097,0.12337972879857007,0.3625760375732261,1.0064064534018105,-2.6842319343050627,15.169617871886267,16.660894012906297,19.202231176033795,20.933770137588667,0.414843271074701,3.4682853172365626,19.074263001630516,20.825136427979984,0.07057989781309842,0.16704857099623183,0.3032264800205226,0.41752192426100493,0.8269765513695281,1.17917245329768,-22.84688653309926,17.57207366232619,1,single_neural_seed,participant_resample_within_seed
PulseDB-Vital,papagei_s,frozen,dbp,official_ppgbp_notebook_equivalent,none,False,source_overlap,source_consistent_adaptation,source-faithful-v3,none,20260715,300.0,3000.0,9.738178021867899,12.366458087934607,-0.050183885673543926,12.366356262790667,0.10235666276764399,0.33254969654640626,0.7857940874434636,13.67873295200113,9.23351787627486,10.255338858013303,11.721735704336133,13.051470852305311,-1.1243507063446367,1.029474549719019,11.707678702266126,13.031240061269163,0.051191839323757836,0.1506636659303491,0.27448606585758195,0.3920594997610386,0.641239569495653,0.9415909558120897,3.9667136223882142,22.552960768813318,1,single_deterministic_fit,participant_resample_within_seed
PulseDB-Vital,papagei_s,frozen,sbp,official_ppgbp_notebook_equivalent,none,False,source_overlap,source_consistent_adaptation,source-faithful-v3,none,20260715,300.0,3000.0,15.820224959634105,19.979193446090456,0.0011050850799910888,19.97919341552834,0.13035801673728498,0.36445944079558196,0.8799428895905587,13.988928453687947,15.086203831874464,16.579419894351123,19.151370072747245,20.858044015201685,-1.6505535486049794,1.5353607879596867,19.129445640310724,20.848047130057303,0.08242593546701983,0.17318621091848166,0.30839339528890003,0.4186558811378718,0.7349454558363023,1.0296343288130283,-3.0191353668538348,30.415875973540675,1,single_deterministic_fit,participant_resample_within_seed
PulseDB-Vital,papagei_s,frozen_demographics,dbp,official_ppgbp_notebook_equivalent,none,False,source_overlap,source_consistent_adaptation,source-faithful-v3,age/sex/BMI,20260715,300.0,3000.0,9.557170040640681,12.195982122805166,-0.06670570326243513,12.195799698623107,0.1269347352250304,0.3634244961091597,0.8355464142588328,10.527116075442107,9.070448091607277,10.096950041074413,11.549918116182997,12.904218161745613,-1.1324927515007654,1.0137743631085148,11.542587141629484,12.883455912561717,0.06856699386850157,0.17710148798010797,0.30078861474767926,0.42339587708128024,0.6792764055129216,0.9874977068188979,1.0684946497891539,20.16290734243564,1,single_deterministic_fit,participant_resample_within_seed
PulseDB-Vital,papagei_s,frozen_demographics,sbp,official_ppgbp_notebook_equivalent,none,False,source_overlap,source_consistent_adaptation,source-faithful-v3,age/sex/BMI,20260715,300.0,3000.0,15.683370184306046,19.80598273942916,-0.029339137013532218,19.805961008989318,0.1453714705810636,0.38322407415293547,0.9085656461015736,10.681232028361062,14.983546100966166,16.44897363864501,18.92770290555339,20.682366636573935,-1.5957057894257634,1.465786924923395,18.926118054660666,20.65818058664171,0.09633873033131152,0.19004150725237182,0.32835473839790125,0.4381692288416102,0.7716934023271764,1.05779382098309,-6.504269069712068,26.16874226188138,1,single_deterministic_fit,participant_resample_within_seed
PulseDB-Vital,pulseppg,finetuned,dbp,official_ppgbp_script_equivalent,none,False,none,source_consistent_adaptation,source-faithful-v3,none,17,300.0,3000.0,9.28430672197716,11.932629854431744,-0.1133761863724708,11.932091228415889,0.16423247844599342,0.4245075681817263,0.7709939370761458,14.669092525417643,8.752375572542695,9.850917823786215,11.185814649332286,12.73159261654139,-1.1708532788100174,0.9546626506898558,11.163303463889065,12.725685712685042,0.08038886254054861,0.2303244165908248,0.3541625526922383,0.4853928179813609,0.6313212935588837,0.900389586555419,6.447476893963293,23.488647458766142,1,single_neural_seed,participant_resample_within_seed
PulseDB-Vital,pulseppg,finetuned,dbp,official_ppgbp_script_equivalent,none,False,none,source_consistent_adaptation,source-faithful-v3,none,23,300.0,3000.0,9.213626011728941,11.890707628063494,-0.47597168103913756,11.88117750287976,0.17009467118952692,0.43487176431794405,0.7657921243872504,15.277394580655768,8.678011772634937,9.752046074239543,11.158537813166513,12.631725270638995,-1.5214647547301374,0.6152031386667591,11.151964643922463,12.596668743976988,0.09233380410699019,0.23523037340095188,0.37337185798568656,0.4947884594491274,0.6394925775568533,0.8892190368586975,7.687938408839978,23.028169871890114,1,single_neural_seed,participant_resample_within_seed
PulseDB-Vital,pulseppg,finetuned,dbp,official_ppgbp_script_equivalent,none,False,none,source_consistent_adaptation,source-faithful-v3,none,42,300.0,3000.0,9.211269762801237,11.80068804472637,0.10909087562752932,11.800183791356924,0.18261283978168397,0.4422380863629151,0.7957066780894029,12.921322361840662,8.698767556285503,9.763339369467563,11.125463547916274,12.529734192488819,-0.9234943154115814,1.1665258296773275,11.117502811459257,12.523902020601993,0.11192047446798162,0.24358515990043697,0.3851595817498257,0.49720494256930037,0.675983621600738,0.9204850471705215,5.214385481782654,20.352073173675077,1,single_neural_seed,participant_resample_within_seed
PulseDB-Vital,pulseppg,finetuned,sbp,official_ppgbp_script_equivalent,none,False,none,source_consistent_adaptation,source-faithful-v3,none,17,300.0,3000.0,14.088925860872164,18.113001658047494,0.4114852549164139,18.108327061035144,0.2852314293559889,0.5422347609106346,0.855279277030646,16.511944059415804,13.328409703204477,14.83919768948121,17.1569506561703,19.00361381002289,-1.0826875150297028,1.8482268821627734,17.138197005444724,18.988240041059356,0.21386176061974388,0.35094118203511915,0.4907820069749972,0.5946455575320738,0.7654717256719907,0.9515074216860322,5.718827664484154,26.577291414836917,1,single_neural_seed,participant_resample_within_seed
PulseDB-Vital,pulseppg,finetuned,sbp,official_ppgbp_script_equivalent,none,False,none,source_consistent_adaptation,source-faithful-v3,none,23,300.0,3000.0,14.120706468495394,18.173466558303083,1.6684344952497479,18.09671829589059,0.28045137720461444,0.544421040181299,0.8456230052018278,16.57822914571887,13.377918770855821,14.897467157386588,17.216004978807,19.163349810246206,0.20281107747287772,3.115718260332837,17.161434965065315,19.060240238771833,0.20546130206785201,0.3489805924533103,0.4933005291080485,0.5958247086083274,0.7528960067430676,0.9440578519338522,5.276765341011957,27.040853851102778,1,single_neural_seed,participant_resample_within_seed
PulseDB-Vital,pulseppg,finetuned,sbp,official_ppgbp_script_equivalent,none,False,none,source_consistent_adaptation,source-faithful-v3,none,42,300.0,3000.0,14.161957663152506,18.282659089924643,0.7991791652497473,18.265183712742527,0.27177880265817056,0.534426136532756,0.8273292469805517,19.459629113110783,13.419860356965305,14.999328699949642,17.274778040913638,19.318893042240468,-0.720166908964301,2.330807176241011,17.252142319854016,19.29544785614708,0.1944782448205278,0.3387115935913705,0.4782714085031383,0.5864974057723215,0.7282324661302971,0.9219792303586374,8.581466611165014,30.62383025064179,1,single_neural_seed,participant_resample_within_seed
PulseDB-Vital,pulseppg,finetuned_demographics,dbp,official_ppgbp_script_equivalent,none,False,none,source_consistent_adaptation,source-faithful-v3,age/sex/BMI,17,300.0,3000.0,9.305013339230864,11.996525503883598,-0.17198948420580412,11.995292567613857,0.15525794645673718,0.41972471750799106,0.7445503696703193,16.3934967278107,8.75763685465903,9.869916373753016,11.204379168071686,12.850450839546635,-1.217985360636425,0.8721162710554474,11.202612144380094,12.841988896008015,0.07587137973509417,0.22434468931597007,0.35357323960702985,0.4816481739549156,0.617122522041189,0.8772901877531278,7.957826274994119,24.531439094611017,1,single_neural_seed,participant_resample_within_seed
PulseDB-Vital,pulseppg,finetuned_demographics,dbp,official_ppgbp_script_equivalent,none,False,none,source_consistent_adaptation,source-faithful-v3,age/sex/BMI,23,300.0,3000.0,9.208500813310305,11.861730355849097,-0.2629813520391376,11.858814773970948,0.17413464774879972,0.4359931230553521,0.7776004580325798,14.36551247413234,8.668113288475558,9.772153786545731,11.140226701102662,12.670504895607092,-1.3382929990797263,0.8204881581584893,11.11738194642137,12.648563604624734,0.0953474734804631,0.24126107199887234,0.3705551529145335,0.4971351932167442,0.6452980258819846,0.9054704094165388,6.409846154053916,22.515196590592353,1,single_neural_seed,participant_resample_within_seed
PulseDB-Vital,pulseppg,finetuned_demographics,dbp,official_ppgbp_script_equivalent,none,False,none,source_consistent_adaptation,source-faithful-v3,age/sex/BMI,42,300.0,3000.0,9.22398839512547,11.794994913471609,0.09444482529419615,11.79461678834019,0.18340133107211898,0.4444375021719209,0.7893270178196874,13.339795890606592,8.68663878290908,9.77299957333298,11.083393861358642,12.527766139844324,-0.9766174575156772,1.1248618627793072,11.05752413799815,12.518516437553714,0.11133743690821216,0.24967147937143683,0.38546759724011176,0.5047723124011826,0.6689845608930097,0.9146702974201446,5.480119126306213,20.7597804962784,1,single_neural_seed,participant_resample_within_seed
PulseDB-Vital,pulseppg,finetuned_demographics,sbp,official_ppgbp_script_equivalent,none,False,none,source_consistent_adaptation,source-faithful-v3,age/sex/BMI,17,300.0,3000.0,14.030729288539554,18.037364237735922,0.15456064791641377,18.03670201702269,0.2911885171371562,0.5474339318664784,0.856273141466962,16.615720648695444,13.239685043246233,14.801957110491772,17.052191683854115,18.96798795407874,-1.3233821489905724,1.6033231391824136,17.050275768388328,18.942729376474052,0.22233863795648554,0.35747456815259526,0.4964060158286685,0.5992496195665569,0.7655424103245182,0.9569872113280676,5.229892745053843,26.971828301419826,1,single_neural_seed,participant_resample_within_seed
PulseDB-Vital,pulseppg,finetuned_demographics,sbp,official_ppgbp_script_equivalent,none,False,none,source_consistent_adaptation,source-faithful-v3,age/sex/BMI,23,300.0,3000.0,14.048873181117322,18.052391541634854,1.8281029489164142,17.959590195231424,0.2900069739334483,0.5529996430547508,0.8569554048351519,15.101961940186083,13.316241787933473,14.810817760222776,17.093260169779146,19.009056712990215,0.34884123186533206,3.3486700314845437,17.015372996088463,18.890065194328546,0.2075422514706823,0.35628687855584457,0.498358147643287,0.6021809621251818,0.7587588736437358,0.9497065469406404,4.586785466487032,26.091798727106855,1,single_neural_seed,participant_resample_within_seed
PulseDB-Vital,pulseppg,finetuned_demographics,sbp,official_ppgbp_script_equivalent,none,False,none,source_consistent_adaptation,source-faithful-v3,age/sex/BMI,42,300.0,3000.0,14.125981892010126,18.205822388722414,1.1600864445830807,18.168824075619227,0.2778869442404355,0.5447171405994458,0.8120366274043351,20.960784566770215,13.3955427602774,14.914642186050658,17.268099556701422,19.253415004384028,-0.3796212132790477,2.685944474798283,17.233222150147515,19.17940184884106,0.19961419065353067,0.3488777283679527,0.4906420251276954,0.5961721820790883,0.7211323211884428,0.9049654946165058,10.414315590254105,31.405572028356435,1,single_neural_seed,participant_resample_within_seed
PulseDB-Vital,pulseppg,frozen,dbp,official_ppgbp_script_equivalent,none,False,none,source_consistent_adaptation,source-faithful-v3,none,20260715,300.0,3000.0,9.318595886050975,11.968590711220434,0.04694805793223311,11.968498631514667,0.1591874541509608,0.4069709914725629,0.8354514042743963,10.438207187569212,8.806028336037917,9.89486452315521,11.250017256251239,12.688119008705542,-0.9941732611090579,1.117201127627434,11.232343576767907,12.671356925479413,0.0901002700224724,0.21510063271430632,0.3431458589347774,0.4655565996295935,0.6845525616301847,0.9777225138026707,1.7663868336877682,19.774019542613782,1,single_deterministic_fit,participant_resample_within_seed
PulseDB-Vital,pulseppg,frozen,sbp,official_ppgbp_script_equivalent,none,False,none,source_consistent_adaptation,source-faithful-v3,none,20260715,300.0,3000.0,14.306106943475577,18.381161900869284,0.09838159321783517,18.380898614814356,0.26391068325784717,0.5144722189896176,0.9494622717058864,5.795602763106246,13.552351500331175,14.99498366098115,17.495558407567064,19.249605010470564,-1.3210807885598255,1.6416081094683581,17.4812396476798,19.231202221302773,0.20825099073432388,0.31948832178238,0.4648613307854946,0.5658792350905253,0.8434384201099501,1.0604724063680435,-7.25169724801831,17.794755312479776,1,single_deterministic_fit,participant_resample_within_seed
PulseDB-Vital,pulseppg,frozen_demographics,dbp,official_ppgbp_script_equivalent,none,False,none,source_consistent_adaptation,source-faithful-v3,age/sex/BMI,20260715,300.0,3000.0,9.12181500265017,11.786160726862,0.03591588929346362,11.786106003609525,0.18462410115771632,0.434413864782129,0.8717604041198971,8.134188927366788,8.61533226848179,9.66745058291527,11.080587796091924,12.593105368641625,-0.9740630237590908,1.0721170789289496,11.072980807117608,12.585233826938634,0.11446916974590268,0.24489115751704216,0.36753415499897446,0.49603483327862397,0.7291563363026882,1.0172966957574072,-0.8260853574463396,16.88870655932761,1,single_deterministic_fit,participant_resample_within_seed
PulseDB-Vital,pulseppg,frozen_demographics,sbp,official_ppgbp_script_equivalent,none,False,none,source_consistent_adaptation,source-faithful-v3,age/sex/BMI,20260715,300.0,3000.0,14.205476874381691,18.27191592474291,0.07563580957610437,18.27175937848305,0.27263437864408624,0.5226623578292916,0.9578456465294095,4.839675008882412,13.477292381650216,14.955226111756902,17.374208037223916,19.206161454294545,-1.3225188764017262,1.4746621798071566,17.367030256155196,19.186292037141865,0.2140286209340005,0.3258889879372354,0.4710372114617237,0.5727041285870946,0.8477027756291996,1.0661681141305215,-7.38515973066813,17.298851959541324,1,single_deterministic_fit,participant_resample_within_seed
